SAT,ABQ,249.16
SAT,ANC,406.44
SAT,ATL,277.56
SAT,BFL,197.68
SAT,BNA,288.25
SAT,BOS,316.71
SAT,BTR,142.5
SAT,BUF,239.37
SAT,CLE,319.83
SAT,CLT,257.43
SAT,CMH,239.77
SAT,COS,252.18
SAT,CSG,318.08
SAT,DAL,216.15
SAT,DEN,245.72
SAT,ELP,211.26
SAT,EWR,348.71
SAT,FAT,273.19
SAT,FWA,306.49
SAT,GEG,213.92
SAT,GSO,307.33
SAT,HNL,550.34
SAT,HOU,233.79
SAT,IAH,131.28
SAT,ICT,188.16
SAT,IND,225.69
SAT,JAX,274.89
SAT,JFK,346.6
SAT,LAS,239.01
SAT,LAX,268.84
SAT,LBB,157.65
SAT,LGA,310.44
SAT,LGB,239
SAT,LNK,530.25
SAT,MCI,204.45
SAT,MCO,279.12
SAT,MDW,207.71
SAT,MEM,201.34
SAT,MIA,406.44
SAT,MKE,208.68
SAT,MSN,244.88
SAT,MSP,265.87
SAT,MSY,230.7
SAT,OAJ,237.73
SAT,OAK,269.18
SAT,OKC,174.87
SAT,OMA,179.91
SAT,ORD,336.79
SAT,ORF,342.18
SAT,PDX,252.59
SAT,PHL,301.54
SAT,PHX,277.67
SAT,PIT,280.14
SAT,PWM,386.98
SAT,RDU,301.1
SAT,RIC,262.94
SAT,RNO,278.02
SAT,SAN,291.58
SAT,SDF,204.2
SAT,SFO,274.74
SAT,SJC,230.88
SAT,SMF,197.13
SAT,SNA,198.72
SAT,STL,288.56
SAT,TOL,294.03
SAT,TPA,287.86
SAT,TUL,163.49
SAT,TUS,188.94
ABQ,SAT,188.38
ABQ,ANC,290.81
ABQ,ATL,259.65
ABQ,AUS,158.78
ABQ,BFL,547.5
ABQ,BNA,263.51
ABQ,BOS,212.57
ABQ,BTR,241
ABQ,BUF,318.54
ABQ,CLE,282.98
ABQ,CLT,282.27
ABQ,CMH,313.38
ABQ,COS,157.76
ABQ,CSG,559
ABQ,DAL,183.13
ABQ,DEN,133.76
ABQ,EWR,246.35
ABQ,FAT,170.33
ABQ,FWA,645
ABQ,GEG,232.23
ABQ,GSO,339.8
ABQ,HNL,413.7
ABQ,HOU,232.8
ABQ,IAH,207.27
ABQ,ICT,177.07
ABQ,IND,295.63
ABQ,JAX,292.13
ABQ,JFK,222.04
ABQ,LAS,266.86
ABQ,LAX,212.6
ABQ,LBB,439
ABQ,LGA,225.25
ABQ,LGB,158.19
ABQ,LNK,179.5
ABQ,LRD,238.25
ABQ,MCI,205.33
ABQ,MCO,247.67
ABQ,MDW,278.49
ABQ,MEM,301.42
ABQ,MIA,277.84
ABQ,MKE,274
ABQ,MSN,378.8
ABQ,MSP,340.72
ABQ,MSY,251.99
ABQ,OAJ,132.5
ABQ,OAK,175.48
ABQ,OKC,177.31
ABQ,OMA,194.91
ABQ,ORD,322.49
ABQ,ORF,267.27
ABQ,PDX,197.02
ABQ,PHL,228.81
ABQ,PHX,135
ABQ,PIT,261.19
ABQ,PWM,256.27
ABQ,RDU,284.77
ABQ,RIC,367.41
ABQ,RNO,238.04
ABQ,SAN,161.58
ABQ,SDF,227.53
ABQ,SFO,187.44
ABQ,SJC,177.5
ABQ,SMF,199.62
ABQ,SNA,171.51
ABQ,STL,274.06
ABQ,TOL,342.73
ABQ,TPA,326.82
ABQ,TUL,256.17
ABQ,TUS,219.5
ANC,SAT,321.6
ANC,ABQ,290.41
ANC,ATL,380.7
ANC,AUS,520.46
ANC,BFL,350.58
ANC,BNA,348.46
ANC,BOS,244.49
ANC,BTR,462.41
ANC,BUF,418.5
ANC,CLE,475.13
ANC,CLT,406.33
ANC,CMH,338.29
ANC,COS,344.98
ANC,CSG,476.55
ANC,DAL,269.47
ANC,DEN,359.83
ANC,ELP,450.74
ANC,EWR,390.23
ANC,FAT,338.79
ANC,FWA,289.46
ANC,GEG,305.52
ANC,GSO,442.1
ANC,HNL,469.2
ANC,HOU,371
ANC,IAH,491.1
ANC,ICT,490.13
ANC,IND,363.66
ANC,JAX,410.34
ANC,JFK,278.23
ANC,LAS,319.18
ANC,LAX,298.76
ANC,LBB,627
ANC,LGA,263.51
ANC,LNK,180
ANC,MCI,336.78
ANC,MCO,329.96
ANC,MDW,407
ANC,MEM,456.23
ANC,MIA,638.64
ANC,MKE,288.76
ANC,MSN,379.44
ANC,MSP,286.35
ANC,MSY,408
ANC,OAJ,636
ANC,OAK,174.03
ANC,OKC,360.66
ANC,OMA,233.51
ANC,ORD,288.98
ANC,ORF,330.01
ANC,PDX,449.79
ANC,PHL,343.19
ANC,PHX,351.79
ANC,PIT,320.47
ANC,PWM,556.46
ANC,RDU,362.06
ANC,RIC,508.15
ANC,RNO,325.29
ANC,SAN,279.79
ANC,SDF,320.06
ANC,SFO,256.99
ANC,SJC,252.89
ANC,SMF,334.7
ANC,SNA,246.11
ANC,STL,327.35
ANC,TPA,301.57
ANC,TUL,264.77
ANC,TUS,232.46
ATL,SAT,202.49
ATL,ABQ,291.03
ATL,ANC,387.37
ATL,AUS,227.7
ATL,BFL,434.5
ATL,BNA,247.83
ATL,BOS,274.84
ATL,BTR,295.52
ATL,BUF,213.79
ATL,CLE,226.04
ATL,CLT,145.97
ATL,CMH,252.41
ATL,COS,285.67
ATL,CSG,125
ATL,DAL,181.14
ATL,DEN,348.53
ATL,ELP,236.59
ATL,EWR,300.41
ATL,FAT,388.38
ATL,FWA,263.68
ATL,GEG,347.04
ATL,GSO,262.66
ATL,HNL,504.43
ATL,HOU,237.13
ATL,IAH,246.28
ATL,ICT,251.67
ATL,IND,310.47
ATL,JAX,208.62
ATL,JFK,294.13
ATL,LAS,315.14
ATL,LAX,407.83
ATL,LBB,270.48
ATL,LGA,329.69
ATL,LGB,255
ATL,LNK,273.74
ATL,LRD,473.5
ATL,MCI,270.42
ATL,MCO,225.57
ATL,MDW,224.26
ATL,MEM,256.89
ATL,MIA,163.85
ATL,MKE,261.33
ATL,MSN,360.92
ATL,MSP,406.98
ATL,MSY,175.89
ATL,OAJ,238.74
ATL,OAK,236.62
ATL,OKC,265.68
ATL,OMA,252.09
ATL,ORD,269.15
ATL,ORF,202.32
ATL,PDX,327.77
ATL,PHL,258.62
ATL,PHX,310.04
ATL,PIT,255.48
ATL,PWM,265.28
ATL,RDU,282.72
ATL,RIC,217.16
ATL,RNO,345.33
ATL,SAN,395.85
ATL,SDF,272.26
ATL,SFO,372.99
ATL,SJC,319.18
ATL,SMF,270.42
ATL,SNA,331.77
ATL,STL,215.78
ATL,TOL,156
ATL,TPA,208.33
ATL,TUL,272.07
ATL,TUS,288.91
AUS,ABQ,275.87
AUS,ANC,377.33
AUS,ATL,224.78
AUS,BFL,150.25
AUS,BNA,253.63
AUS,BOS,298.26
AUS,BTR,192.25
AUS,BUF,171.57
AUS,CLE,310.78
AUS,CLT,212.04
AUS,CMH,224.73
AUS,COS,207.5
AUS,CSG,154.5
AUS,DAL,229.7
AUS,DEN,209.1
AUS,ELP,189.27
AUS,EWR,297.58
AUS,FAT,332.26
AUS,FWA,307.29
AUS,GEG,276.18
AUS,GSO,349.55
AUS,HNL,408.85
AUS,HOU,102
AUS,IAH,138.54
AUS,ICT,200.75
AUS,IND,206.89
AUS,JAX,231.21
AUS,JFK,351.84
AUS,LAS,314.44
AUS,LAX,267.62
AUS,LBB,148.99
AUS,LCK,101
AUS,LGA,324.43
AUS,LGB,165.23
AUS,LNK,339.91
AUS,LRD,395
AUS,MCI,219.69
AUS,MCO,236.59
AUS,MDW,252.12
AUS,MEM,164.17
AUS,MIA,297.65
AUS,MKE,150.08
AUS,MSN,298.18
AUS,MSP,230.52
AUS,MSY,206.25
AUS,OAJ,137
AUS,OAK,323.19
AUS,OKC,150.76
AUS,OMA,177.8
AUS,ORD,315.12
AUS,ORF,303.43
AUS,PDX,218.65
AUS,PHL,324.28
AUS,PHX,228.67
AUS,PIT,214.52
AUS,PWM,216.06
AUS,RDU,223.96
AUS,RIC,236.24
AUS,RNO,218.13
AUS,SAN,241.03
AUS,SDF,247.13
AUS,SFO,338.68
AUS,SJC,222.05
AUS,SMF,264.19
AUS,SNA,222.99
AUS,STL,258.34
AUS,TOL,262.76
AUS,TPA,219.56
AUS,TUL,157.82
AUS,TUS,175.47
BFL,SAT,160.67
BFL,ABQ,126
BFL,ANC,350.42
BFL,ATL,212.25
BFL,AUS,426.95
BFL,BNA,390.75
BFL,BOS,371.19
BFL,BTR,525.33
BFL,BUF,370.14
BFL,CLE,461.29
BFL,CLT,517.92
BFL,CMH,551.8
BFL,COS,608
BFL,DEN,404.54
BFL,ELP,332.25
BFL,EWR,251.28
BFL,GEG,266.75
BFL,HNL,553
BFL,HOU,277.5
BFL,IAH,352.64
BFL,ICT,454
BFL,IND,388.56
BFL,JAX,468.24
BFL,JFK,324.25
BFL,LBB,233.75
BFL,LGA,196
BFL,LNK,243.79
BFL,LRD,494.75
BFL,MCI,283.73
BFL,MCO,279.73
BFL,MEM,327.94
BFL,MIA,425.26
BFL,MKE,181
BFL,MSN,483
BFL,MSP,234.8
BFL,MSY,566.33
BFL,OKC,1336.94
BFL,OMA,507.75
BFL,ORD,245.09
BFL,ORF,322
BFL,PDX,100
BFL,PHL,271.95
BFL,PHX,133.19
BFL,PIT,235.25
BFL,PWM,1331
BFL,RDU,563.54
BFL,RIC,463.5
BFL,RNO,407
BFL,SDF,468.07
BFL,SFO,192
BFL,SMF,187
BFL,STL,285.31
BFL,TPA,521.39
BFL,TUL,416.75
BFL,TUS,400.7
BNA,SAT,214.8
BNA,ABQ,283.33
BNA,ANC,462.02
BNA,ATL,337.69
BNA,AUS,251.13
BNA,BFL,487
BNA,BOS,196.94
BNA,BTR,234.58
BNA,BUF,154.97
BNA,CLE,230.31
BNA,CLT,177.98
BNA,CMH,166.31
BNA,COS,181.14
BNA,CSG,176.24
BNA,DAL,245.83
BNA,DEN,281.78
BNA,ELP,281.06
BNA,EWR,235.25
BNA,FAT,354.52
BNA,FWA,404.39
BNA,GEG,311.23
BNA,GSO,226.33
BNA,HNL,565.09
BNA,HOU,245.98
BNA,IAH,207.43
BNA,ICT,154.58
BNA,IND,187.2
BNA,JAX,214.35
BNA,JFK,240.46
BNA,LAS,328.45
BNA,LAX,317.7
BNA,LBB,280.62
BNA,LGA,247.28
BNA,LGB,196.15
BNA,LNK,272.1
BNA,LRD,381.5
BNA,MCI,199.04
BNA,MCO,204.04
BNA,MDW,201.06
BNA,MIA,237.34
BNA,MKE,179.25
BNA,MSN,249.06
BNA,MSP,212.77
BNA,MSY,162.43
BNA,OAJ,131.53
BNA,OAK,242.95
BNA,OKC,249.41
BNA,OMA,193.5
BNA,ORD,225.14
BNA,ORF,221.36
BNA,PDX,300.75
BNA,PHL,222.11
BNA,PHX,294.08
BNA,PIT,256.83
BNA,PWM,244.28
BNA,RDU,290.33
BNA,RIC,181.49
BNA,RNO,317.58
BNA,SAN,240.66
BNA,SFO,304.86
BNA,SJC,307.48
BNA,SMF,254.84
BNA,SNA,250.03
BNA,STL,167.24
BNA,TOL,175.21
BNA,TPA,202.24
BNA,TUL,171
BNA,TUS,283.44
BOS,SAT,306.38
BOS,ABQ,229.93
BOS,ANC,432.95
BOS,ATL,304.46
BOS,AUS,314.02
BOS,BFL,292.75
BOS,BNA,281.1
BOS,BTR,234.25
BOS,BUF,164.05
BOS,CLE,202.22
BOS,CLT,250.84
BOS,CMH,213.76
BOS,COS,300.2
BOS,CSG,239.4
BOS,DAL,235.97
BOS,DEN,303.38
BOS,ELP,316.45
BOS,EWR,218.84
BOS,FAT,292.26
BOS,FWA,327.97
BOS,GEG,246.66
BOS,GSO,147.29
BOS,HNL,441.36
BOS,HOU,157.69
BOS,IAH,394.18
BOS,ICT,215.65
BOS,IND,312.46
BOS,JAX,224.13
BOS,JFK,104.06
BOS,LAS,252.88
BOS,LAX,348.46
BOS,LBB,404.98
BOS,LGA,322.33
BOS,LGB,244.88
BOS,LNK,384.83
BOS,LRD,354.3
BOS,MCI,206.04
BOS,MCO,292.89
BOS,MDW,177.97
BOS,MEM,293.17
BOS,MIA,270.77
BOS,MKE,255.9
BOS,MSN,322.91
BOS,MSP,296.62
BOS,MSY,275.31
BOS,OAJ,197.25
BOS,OAK,276.66
BOS,OKC,303.98
BOS,OMA,346.11
BOS,ORD,261.05
BOS,ORF,139.44
BOS,PDX,289.28
BOS,PHL,226.15
BOS,PHX,298.69
BOS,PIT,204.85
BOS,RDU,268.78
BOS,RIC,170.86
BOS,RNO,278.3
BOS,SAN,317.65
BOS,SDF,235.82
BOS,SFO,407.72
BOS,SJC,301.48
BOS,SMF,278.78
BOS,SNA,285.61
BOS,STL,245.72
BOS,TOL,165.5
BOS,TPA,280.79
BOS,TUL,276
BOS,TUS,296.7
BTR,SAT,163.5
BTR,ABQ,310.67
BTR,ANC,550.11
BTR,ATL,200.78
BTR,AUS,163.78
BTR,BFL,603.78
BTR,BNA,295.63
BTR,BOS,223.28
BTR,BUF,206.25
BTR,CLE,242.88
BTR,CLT,358.84
BTR,CMH,222.39
BTR,COS,171.37
BTR,CSG,148
BTR,DEN,359.08
BTR,ELP,357.33
BTR,EWR,463.79
BTR,FAT,502
BTR,FWA,438.12
BTR,GEG,237.13
BTR,GSO,395.15
BTR,HNL,711.52
BTR,HOU,282
BTR,IAH,266.75
BTR,ICT,293
BTR,IND,236.5
BTR,JAX,262
BTR,JFK,329.62
BTR,LAS,329.42
BTR,LAX,287.63
BTR,LBB,542.5
BTR,LGA,346.34
BTR,LNK,323.99
BTR,LRD,189.5
BTR,MCI,174.5
BTR,MCO,238.95
BTR,MDW,337
BTR,MIA,151
BTR,MKE,214.58
BTR,MSN,322.9
BTR,MSP,338.86
BTR,OAJ,173
BTR,OAK,362.53
BTR,OKC,172.25
BTR,OMA,333.01
BTR,ORD,223.85
BTR,ORF,258.9
BTR,PDX,244.06
BTR,PHL,353.68
BTR,PHX,345.54
BTR,PIT,199.89
BTR,PWM,230.75
BTR,RDU,391.52
BTR,RIC,265.93
BTR,RNO,314.19
BTR,SAN,500.86
BTR,SDF,274.33
BTR,SFO,385.22
BTR,SJC,242.03
BTR,SMF,422.99
BTR,SNA,232.09
BTR,STL,292.65
BTR,TOL,251.66
BTR,TPA,194.5
BTR,TUL,134.5
BTR,TUS,181.33
BUF,SAT,285.19
BUF,ABQ,265.45
BUF,ANC,519.23
BUF,ATL,232.79
BUF,AUS,314.92
BUF,BFL,420.12
BUF,BNA,221.13
BUF,BOS,170.91
BUF,BTR,514.67
BUF,CLE,207
BUF,CLT,280.68
BUF,CMH,230.42
BUF,COS,328.03
BUF,CSG,397.5
BUF,DAL,261.78
BUF,DEN,236.7
BUF,ELP,311.11
BUF,EWR,177.8
BUF,FAT,446.77
BUF,FWA,390.25
BUF,GEG,317.56
BUF,GSO,132.39
BUF,HNL,543.57
BUF,HOU,149.29
BUF,IAH,274.55
BUF,ICT,307
BUF,IND,252.25
BUF,JAX,228.6
BUF,JFK,173.52
BUF,LAS,228.68
BUF,LAX,292.35
BUF,LBB,320.51
BUF,LGA,126.63
BUF,LGB,277.15
BUF,LNK,282.22
BUF,LRD,522.5
BUF,MCI,283.44
BUF,MCO,198.72
BUF,MDW,213.67
BUF,MEM,193.82
BUF,MIA,189.83
BUF,MKE,290.64
BUF,MSN,239.77
BUF,MSP,317.83
BUF,MSY,211.57
BUF,OAJ,218
BUF,OAK,354.57
BUF,OKC,358.45
BUF,OMA,261.29
BUF,ORD,256.25
BUF,ORF,182.95
BUF,PDX,260.47
BUF,PHL,191.01
BUF,PHX,257.03
BUF,PWM,206.74
BUF,RDU,215.9
BUF,RIC,226.92
BUF,RNO,203.05
BUF,SAN,264.15
BUF,SDF,207.09
BUF,SFO,313.02
BUF,SJC,325.79
BUF,SMF,317.21
BUF,SNA,208.71
BUF,STL,223.02
BUF,TOL,278
BUF,TPA,256.38
BUF,TUL,258.45
BUF,TUS,268.87
CLE,SAT,276.54
CLE,ABQ,295.58
CLE,ANC,280.89
CLE,ATL,263.01
CLE,AUS,302.55
CLE,BFL,397.75
CLE,BNA,194.85
CLE,BOS,226.86
CLE,BTR,214.86
CLE,BUF,435
CLE,CLT,232.82
CLE,CMH,393
CLE,COS,306.91
CLE,CSG,110.5
CLE,DAL,238.1
CLE,DEN,320.97
CLE,ELP,276.07
CLE,EWR,204.49
CLE,FAT,439.79
CLE,FWA,337.75
CLE,GEG,324.8
CLE,GSO,164.83
CLE,HNL,701.07
CLE,HOU,163.76
CLE,IAH,391.38
CLE,ICT,291.58
CLE,IND,242.49
CLE,JAX,194.99
CLE,JFK,149.18
CLE,LAS,284.44
CLE,LAX,304.95
CLE,LBB,281.43
CLE,LGA,206.92
CLE,LGB,575.67
CLE,LNK,303.28
CLE,LRD,494.14
CLE,MCI,288.19
CLE,MCO,200.03
CLE,MDW,197.47
CLE,MEM,217.01
CLE,MIA,249.93
CLE,MKE,308.92
CLE,MSN,248.75
CLE,MSP,289.36
CLE,MSY,205.98
CLE,OAJ,191.5
CLE,OAK,229.49
CLE,OKC,322.2
CLE,OMA,215.34
CLE,ORD,231.88
CLE,ORF,173.01
CLE,PDX,301
CLE,PHL,241.94
CLE,PHX,320.49
CLE,PWM,240.84
CLE,RDU,189.84
CLE,RIC,189
CLE,RNO,347.61
CLE,SAN,306.16
CLE,SDF,257.32
CLE,SFO,343
CLE,SJC,346.34
CLE,SMF,293.2
CLE,SNA,306.68
CLE,STL,176.38
CLE,TPA,214.08
CLE,TUL,197.2
CLE,TUS,372.06
CLT,SAT,264.09
CLT,ABQ,300.63
CLT,ANC,406.97
CLT,ATL,218.14
CLT,AUS,234.94
CLT,BFL,398.24
CLT,BNA,173.19
CLT,BOS,233.34
CLT,BTR,393.64
CLT,BUF,232.86
CLT,CLE,220.45
CLT,CMH,213.51
CLT,COS,363.69
CLT,CSG,189.5
CLT,DAL,226.47
CLT,DEN,341.09
CLT,ELP,394.7
CLT,EWR,181.22
CLT,FAT,420.33
CLT,FWA,268.59
CLT,GEG,337.42
CLT,GSO,315.5
CLT,HNL,645.96
CLT,HOU,192.76
CLT,IAH,323.78
CLT,ICT,242.72
CLT,IND,274.33
CLT,JAX,256.02
CLT,JFK,158.99
CLT,LAS,255.52
CLT,LAX,364.6
CLT,LBB,336.29
CLT,LGA,219.45
CLT,LGB,394.39
CLT,LNK,384.17
CLT,LRD,454.39
CLT,MCI,260.77
CLT,MCO,169.17
CLT,MDW,179.76
CLT,MEM,231.98
CLT,MIA,304.5
CLT,MKE,247.92
CLT,MSN,275.2
CLT,MSP,312
CLT,MSY,220.93
CLT,OAJ,105.41
CLT,OAK,227.54
CLT,OKC,243.91
CLT,OMA,254.34
CLT,ORD,305.18
CLT,ORF,228.37
CLT,PDX,376.76
CLT,PHL,305.62
CLT,PHX,337.6
CLT,PIT,270.87
CLT,PWM,282.94
CLT,RDU,123.5
CLT,RIC,265.44
CLT,RNO,355.62
CLT,SAN,298.33
CLT,SDF,256.35
CLT,SFO,406.52
CLT,SJC,357.79
CLT,SMF,438.74
CLT,SNA,441.77
CLT,STL,225.21
CLT,TOL,217.48
CLT,TPA,211.26
CLT,TUL,327.81
CLT,TUS,326.53
CMH,SAT,237.38
CMH,ABQ,286.58
CMH,ANC,338.6
CMH,ATL,222.41
CMH,AUS,302.77
CMH,BFL,457.5
CMH,BNA,186.81
CMH,BOS,227.53
CMH,BTR,205.08
CMH,BUF,194.73
CMH,CLE,146.22
CMH,CLT,239.58
CMH,COS,191.01
CMH,CSG,316
CMH,DAL,215.23
CMH,DEN,309.79
CMH,ELP,287.88
CMH,EWR,218.32
CMH,FAT,430.2
CMH,FWA,271
CMH,GEG,319.22
CMH,GSO,177.06
CMH,HNL,562.33
CMH,HOU,286.64
CMH,IAH,302.83
CMH,ICT,185.12
CMH,IND,247.5
CMH,JAX,278.24
CMH,JFK,198.76
CMH,LAS,263.5
CMH,LAX,334
CMH,LBB,211.76
CMH,LGA,276.03
CMH,LGB,391.83
CMH,LNK,267.79
CMH,LRD,478.62
CMH,MCI,189.63
CMH,MCO,211.2
CMH,MDW,162.89
CMH,MEM,279.66
CMH,MIA,267.5
CMH,MKE,159.56
CMH,MSN,150.62
CMH,MSP,268.72
CMH,MSY,207.44
CMH,OAJ,138.75
CMH,OAK,218.08
CMH,OKC,266.49
CMH,OMA,233.94
CMH,ORD,169.03
CMH,ORF,142.17
CMH,PDX,371.6
CMH,PHL,312.06
CMH,PHX,260.35
CMH,PWM,209.86
CMH,RDU,190.45
CMH,RIC,277.46
CMH,RNO,256.66
CMH,SAN,225.23
CMH,SFO,303.83
CMH,SJC,283.54
CMH,SMF,296.98
CMH,SNA,255.14
CMH,STL,241.93
CMH,TPA,251.6
CMH,TUL,297.92
CMH,TUS,252.42
COS,SAT,230.19
COS,ABQ,161.47
COS,ANC,418.17
COS,ATL,262.29
COS,AUS,166.23
COS,BFL,224.5
COS,BNA,207.02
COS,BOS,259.69
COS,BTR,162.67
COS,BUF,170.1
COS,CLE,180.64
COS,CLT,270.78
COS,CMH,212.78
COS,CSG,355.5
COS,DEN,169
COS,ELP,384
COS,EWR,329.75
COS,FAT,310.12
COS,FWA,287.15
COS,GEG,283.46
COS,GSO,203.55
COS,HNL,403.56
COS,HOU,238.29
COS,IAH,267.41
COS,ICT,307.5
COS,IND,173.32
COS,JAX,234.12
COS,JFK,181.17
COS,LAS,234
COS,LAX,197.03
COS,LBB,192.46
COS,LGA,149.82
COS,LGB,191.25
COS,LNK,427
COS,LRD,242.5
COS,MCI,169.72
COS,MCO,186.87
COS,MDW,242.14
COS,MEM,348.53
COS,MIA,343.06
COS,MKE,210.55
COS,MSN,244.98
COS,MSP,159.64
COS,MSY,370.81
COS,OAJ,576.5
COS,OAK,374
COS,OKC,193.87
COS,OMA,153.69
COS,ORD,306.13
COS,ORF,297.77
COS,PDX,275.99
COS,PHL,233.55
COS,PHX,254.88
COS,PIT,149.4
COS,PWM,199.79
COS,RDU,174.72
COS,RIC,349.4
COS,RNO,257
COS,SAN,182.67
COS,SDF,305.07
COS,SFO,293.9
COS,SJC,239.25
COS,SMF,261.34
COS,SNA,205.72
COS,STL,272.54
COS,TOL,282
COS,TPA,253.26
COS,TUL,181.23
COS,TUS,138.35
CSG,SAT,117
CSG,ABQ,559
CSG,ANC,521
CSG,ATL,240
CSG,AUS,108
CSG,BNA,267
CSG,BOS,122
CSG,BTR,148
CSG,BUF,397.5
CSG,CLE,161
CSG,CLT,189.5
CSG,CMH,214
CSG,COS,510.5
CSG,DAL,191
CSG,DEN,495
CSG,ELP,313
CSG,EWR,170
CSG,FAT,716.5
CSG,FWA,204.21
CSG,GEG,543
CSG,GSO,116.5
CSG,HNL,537.39
CSG,HOU,219
CSG,IAH,219
CSG,ICT,199.5
CSG,IND,149
CSG,JAX,310
CSG,JFK,170
CSG,LAS,344.82
CSG,LAX,338
CSG,LGA,385.61
CSG,MCI,209
CSG,MCO,321
CSG,MDW,370
CSG,MEM,622
CSG,MIA,177
CSG,MKE,243.42
CSG,MSN,544.75
CSG,MSP,203.66
CSG,MSY,107
CSG,OAJ,428.32
CSG,OAK,424.51
CSG,OKC,257.5
CSG,OMA,210
CSG,ORD,289
CSG,ORF,369
CSG,PDX,500.58
CSG,PHL,166
CSG,PHX,310
CSG,PIT,143.5
CSG,RDU,285
CSG,RIC,335
CSG,SAN,853.5
CSG,SDF,408
CSG,SFO,176
CSG,SJC,414.89
CSG,SMF,366
CSG,SNA,325.12
CSG,STL,108
CSG,TPA,138.67
CSG,TUL,223
CSG,TUS,304.5
DAL,SAT,136.3
DAL,ABQ,316.66
DAL,ANC,321.56
DAL,ATL,256.26
DAL,AUS,150.25
DAL,BNA,232
DAL,BOS,225.58
DAL,BUF,206.25
DAL,CLE,183.83
DAL,CLT,216.58
DAL,CMH,214.33
DAL,CSG,361.5
DAL,DEN,214.48
DAL,ELP,209.13
DAL,EWR,250.36
DAL,FAT,166
DAL,FWA,641
DAL,GEG,216.08
DAL,GSO,521
DAL,HNL,413.24
DAL,HOU,276.02
DAL,ICT,135
DAL,IND,229.42
DAL,JAX,208.76
DAL,JFK,139
DAL,LAS,295.73
DAL,LAX,221.79
DAL,LBB,172.38
DAL,LGA,161.34
DAL,LGB,340.59
DAL,LNK,313.74
DAL,MCI,249.25
DAL,MCO,216.12
DAL,MDW,236.87
DAL,MEM,222.67
DAL,MIA,111
DAL,MKE,244.37
DAL,MSN,165.26
DAL,MSP,204.57
DAL,MSY,173.66
DAL,OAJ,134
DAL,OAK,282.92
DAL,OKC,123.32
DAL,OMA,133.27
DAL,ORD,179.78
DAL,ORF,318.62
DAL,PDX,211.95
DAL,PHL,198.26
DAL,PHX,210.88
DAL,PIT,181.7
DAL,PWM,247.25
DAL,RDU,246.74
DAL,RIC,172.6
DAL,RNO,239.32
DAL,SAN,231.29
DAL,SDF,220.61
DAL,SFO,256.25
DAL,SJC,228.26
DAL,SMF,266.63
DAL,SNA,311.92
DAL,STL,272.58
DAL,TPA,220.35
DAL,TUL,171.93
DAL,TUS,221
DEN,SAT,244.38
DEN,ABQ,179.7
DEN,ANC,376.85
DEN,ATL,302.88
DEN,AUS,203.36
DEN,BFL,395.19
DEN,BNA,304.78
DEN,BOS,355.5
DEN,BTR,173.14
DEN,BUF,182.24
DEN,CLE,346.22
DEN,CLT,328.18
DEN,CMH,304.54
DEN,COS,208
DEN,CSG,234.5
DEN,DAL,189.11
DEN,ELP,161.57
DEN,EWR,397.18
DEN,FAT,256.4
DEN,FWA,234.87
DEN,GEG,250.01
DEN,GSO,234.63
DEN,HNL,474.14
DEN,HOU,248.92
DEN,IAH,380.59
DEN,ICT,317.33
DEN,IND,272.73
DEN,JAX,422.14
DEN,JFK,301.24
DEN,LAS,216.19
DEN,LAX,235.1
DEN,LBB,155.82
DEN,LGA,288.31
DEN,LGB,215.33
DEN,LNK,247.5
DEN,LRD,402.48
DEN,MCI,232.45
DEN,MCO,283.66
DEN,MDW,259.04
DEN,MEM,231.78
DEN,MIA,287.59
DEN,MKE,315.04
DEN,MSN,351.12
DEN,MSP,264.35
DEN,MSY,266.72
DEN,OAJ,190.11
DEN,OAK,197.98
DEN,OKC,266.91
DEN,OMA,180
DEN,ORD,364.81
DEN,ORF,340.41
DEN,PDX,255
DEN,PHL,274.35
DEN,PHX,225.61
DEN,PIT,251.16
DEN,PWM,223.52
DEN,RDU,279.9
DEN,RIC,358.76
DEN,RNO,197.1
DEN,SAN,174.62
DEN,SDF,310.75
DEN,SFO,293.65
DEN,SJC,204.66
DEN,SMF,210.99
DEN,SNA,248.72
DEN,STL,330.87
DEN,TOL,109
DEN,TPA,278.94
DEN,TUL,229.5
DEN,TUS,234.52
ELP,SAT,173.48
ELP,ABQ,201
ELP,ANC,393.12
ELP,ATL,224.99
ELP,AUS,205.73
ELP,BFL,125.25
ELP,BNA,326.54
ELP,BOS,272.42
ELP,BTR,176.5
ELP,BUF,358.34
ELP,CLE,278.59
ELP,CLT,281.78
ELP,CMH,245.43
ELP,COS,295.66
ELP,CSG,188.5
ELP,DAL,181.4
ELP,DEN,211.07
ELP,EWR,356.03
ELP,FAT,284.77
ELP,FWA,466.96
ELP,GEG,290.7
ELP,GSO,417.32
ELP,HNL,642.59
ELP,HOU,278.81
ELP,IAH,193.41
ELP,ICT,204
ELP,IND,222.36
ELP,JAX,211.85
ELP,JFK,240.45
ELP,LAS,186.43
ELP,LAX,133.26
ELP,LBB,282.07
ELP,LGA,234.31
ELP,LGB,229.78
ELP,LNK,357.5
ELP,LRD,467.25
ELP,MCI,232.62
ELP,MCO,211.73
ELP,MDW,150.9
ELP,MEM,190.88
ELP,MIA,363.38
ELP,MKE,265.49
ELP,MSN,211.35
ELP,MSP,230.47
ELP,MSY,187.56
ELP,OAJ,194.59
ELP,OAK,203.9
ELP,OKC,198.83
ELP,OMA,243.59
ELP,ORD,383.89
ELP,ORF,296.59
ELP,PDX,332.15
ELP,PHL,376.17
ELP,PHX,151.01
ELP,PIT,284.07
ELP,PWM,272.31
ELP,RDU,265.2
ELP,RIC,293.09
ELP,RNO,215.11
ELP,SAN,163.97
ELP,SDF,299.22
ELP,SFO,250.04
ELP,SJC,269.36
ELP,SMF,309.61
ELP,SNA,204.21
ELP,STL,179.68
ELP,TOL,315.63
ELP,TPA,244.16
ELP,TUL,249.23
ELP,TUS,255.23
EWR,SAT,322
EWR,ABQ,370.89
EWR,ANC,446.04
EWR,ATL,316.67
EWR,AUS,350.7
EWR,BFL,246.72
EWR,BNA,214.89
EWR,BOS,163.16
EWR,BTR,402.41
EWR,BUF,133.43
EWR,CLE,266.27
EWR,CLT,199.13
EWR,CMH,242.42
EWR,COS,347.15
EWR,CSG,112.5
EWR,DAL,287.56
EWR,DEN,427.63
EWR,ELP,329.36
EWR,FAT,292.7
EWR,FWA,260.77
EWR,GEG,306.04
EWR,GSO,174.08
EWR,HNL,590.15
EWR,HOU,196.04
EWR,IAH,395.93
EWR,ICT,262.55
EWR,IND,301.82
EWR,JAX,158.71
EWR,LAS,318.51
EWR,LAX,428.15
EWR,LBB,260.11
EWR,LGB,291.74
EWR,LNK,367.18
EWR,LRD,364.1
EWR,MCI,250.52
EWR,MCO,199.72
EWR,MDW,191.35
EWR,MEM,261.2
EWR,MIA,243.89
EWR,MKE,208.18
EWR,MSN,283.55
EWR,MSP,345.73
EWR,MSY,270.19
EWR,OAJ,138.5
EWR,OAK,246.16
EWR,OKC,327.14
EWR,OMA,242.7
EWR,ORD,331.79
EWR,ORF,155.79
EWR,PDX,317.06
EWR,PHX,336.51
EWR,PIT,219.34
EWR,PWM,164.36
EWR,RDU,218.06
EWR,RIC,153.79
EWR,RNO,315.28
EWR,SAN,423.64
EWR,SDF,195.43
EWR,SFO,498.98
EWR,SJC,447.62
EWR,SMF,298.59
EWR,SNA,414.72
EWR,STL,340.85
EWR,TOL,162
EWR,TPA,233.72
EWR,TUL,299.61
EWR,TUS,353.21
FAT,SAT,289.71
FAT,ABQ,1200.2
FAT,ANC,207.69
FAT,ATL,348.46
FAT,AUS,246.74
FAT,BNA,399.93
FAT,BOS,244.77
FAT,BTR,377
FAT,BUF,422.25
FAT,CLE,265.75
FAT,CLT,415.49
FAT,CMH,419.96
FAT,COS,227.14
FAT,DAL,178
FAT,DEN,283.63
FAT,ELP,351.67
FAT,EWR,337.89
FAT,FWA,491.18
FAT,GEG,227.59
FAT,GSO,300.13
FAT,HNL,368.96
FAT,HOU,261.98
FAT,IAH,344.86
FAT,ICT,256.23
FAT,IND,311.65
FAT,JAX,382.09
FAT,JFK,478.94
FAT,LAS,232.25
FAT,LAX,154
FAT,LBB,307.83
FAT,LGA,862.33
FAT,LNK,528
FAT,LRD,723
FAT,MCI,298.42
FAT,MCO,303.78
FAT,MEM,219.02
FAT,MIA,344.01
FAT,MKE,270.87
FAT,MSN,541.78
FAT,MSP,309.52
FAT,MSY,250.4
FAT,OAJ,363.75
FAT,OKC,296.97
FAT,OMA,241.37
FAT,ORD,335.47
FAT,ORF,365.65
FAT,PDX,184.04
FAT,PHL,419.64
FAT,PHX,286.74
FAT,PIT,437.28
FAT,PWM,370.06
FAT,RDU,394.43
FAT,RIC,444.85
FAT,RNO,552
FAT,SAN,150.38
FAT,SDF,410.34
FAT,SFO,128
FAT,SMF,264.5
FAT,SNA,447
FAT,STL,294.43
FAT,TOL,453
FAT,TPA,402.69
FAT,TUL,205.27
FAT,TUS,139.74
FWA,SAT,303.84
FWA,ABQ,291.58
FWA,ANC,272.04
FWA,ATL,255.06
FWA,AUS,258.03
FWA,BNA,232.47
FWA,BOS,269.67
FWA,BTR,247.05
FWA,BUF,443.15
FWA,CLE,282.5
FWA,CLT,256.35
FWA,CMH,297
FWA,COS,201.29
FWA,CSG,109
FWA,DAL,642
FWA,DEN,512.75
FWA,ELP,343.68
FWA,EWR,194.53
FWA,FAT,346.62
FWA,GEG,319.33
FWA,GSO,271.92
FWA,HNL,816.74
FWA,HOU,431.25
FWA,IAH,295.3
FWA,ICT,323.5
FWA,JAX,254.87
FWA,JFK,272
FWA,LAS,375.03
FWA,LAX,489.77
FWA,LBB,268
FWA,LGA,249.59
FWA,LGB,357
FWA,LNK,361.75
FWA,LRD,455
FWA,MCI,206.55
FWA,MCO,319
FWA,MEM,246.41
FWA,MIA,318.36
FWA,MKE,441
FWA,MSN,227.5
FWA,MSP,208.64
FWA,MSY,312.37
FWA,OAJ,424.75
FWA,OAK,435
FWA,OKC,247.73
FWA,OMA,345
FWA,ORD,139.22
FWA,ORF,258.35
FWA,PDX,431.85
FWA,PHL,255.03
FWA,PHX,409.32
FWA,PIT,267.37
FWA,PWM,348.65
FWA,RDU,205.91
FWA,RIC,180.75
FWA,RNO,393.19
FWA,SAN,435.09
FWA,SFO,389.66
FWA,SJC,363.93
FWA,SMF,446.15
FWA,SNA,283.99
FWA,STL,237.11
FWA,TPA,288.45
FWA,TUL,297.11
FWA,TUS,249.73
GEG,SAT,196.36
GEG,ABQ,282.67
GEG,ANC,315.73
GEG,ATL,366.19
GEG,AUS,247.58
GEG,BFL,296.83
GEG,BNA,239.03
GEG,BOS,284.48
GEG,BTR,458.64
GEG,BUF,358.52
GEG,CLE,252.03
GEG,CLT,362.59
GEG,CMH,312.94
GEG,COS,158.67
GEG,CSG,637
GEG,DAL,198.7
GEG,DEN,211.86
GEG,ELP,230.26
GEG,EWR,227.6
GEG,FAT,183.12
GEG,FWA,312.75
GEG,GSO,335.18
GEG,HNL,426.7
GEG,HOU,200.9
GEG,IAH,281.23
GEG,ICT,346.14
GEG,IND,274.97
GEG,JAX,407.14
GEG,JFK,351.26
GEG,LAS,196.8
GEG,LAX,190.04
GEG,LBB,363.02
GEG,LGA,462.78
GEG,LGB,165.59
GEG,LNK,259.25
GEG,LRD,529.5
GEG,MCI,243.09
GEG,MCO,236
GEG,MDW,234.7
GEG,MEM,406.52
GEG,MIA,279.65
GEG,MKE,258.03
GEG,MSN,312.64
GEG,MSP,265.5
GEG,MSY,301.3
GEG,OAJ,280.45
GEG,OAK,187.06
GEG,OKC,296.85
GEG,OMA,240.54
GEG,ORD,191.52
GEG,ORF,308.31
GEG,PDX,186.86
GEG,PHL,308.29
GEG,PHX,238.94
GEG,PIT,354.84
GEG,PWM,213.08
GEG,RDU,326.72
GEG,RIC,310.27
GEG,RNO,211.09
GEG,SAN,148.02
GEG,SDF,301.94
GEG,SFO,161.97
GEG,SJC,174.86
GEG,SMF,192.51
GEG,SNA,155.35
GEG,STL,241.02
GEG,TPA,337.35
GEG,TUL,230.52
GEG,TUS,179.84
GSO,SAT,323.05
GSO,ABQ,331.36
GSO,ANC,379.32
GSO,ATL,210.57
GSO,AUS,304.18
GSO,BFL,502
GSO,BNA,216.94
GSO,BOS,196.31
GSO,BTR,292.5
GSO,BUF,136.17
GSO,CLE,186.45
GSO,CLT,315.5
GSO,CMH,196.81
GSO,COS,190.54
GSO,CSG,469
GSO,DAL,133
GSO,DEN,204.98
GSO,ELP,166.5
GSO,EWR,136.9
GSO,FAT,390
GSO,FWA,370.67
GSO,GEG,289.3
GSO,HNL,674.84
GSO,HOU,365.33
GSO,IAH,359.95
GSO,ICT,289.96
GSO,IND,175.47
GSO,JAX,336.51
GSO,JFK,158.28
GSO,LAS,247.05
GSO,LAX,298.87
GSO,LBB,347.46
GSO,LGA,200.91
GSO,LGB,402.5
GSO,LNK,318.79
GSO,MCI,207.79
GSO,MCO,205.89
GSO,MDW,279.88
GSO,MEM,229.82
GSO,MIA,341.76
GSO,MKE,175.44
GSO,MSN,214.93
GSO,MSP,318.53
GSO,MSY,274.94
GSO,OAK,287.5
GSO,OKC,395.37
GSO,OMA,237.33
GSO,ORD,253.72
GSO,ORF,212.39
GSO,PDX,376.1
GSO,PHL,235.74
GSO,PHX,371.63
GSO,PIT,205.84
GSO,PWM,138.38
GSO,RIC,196.16
GSO,RNO,316.85
GSO,SAN,320.53
GSO,SDF,203.92
GSO,SFO,390.06
GSO,SJC,325.3
GSO,SMF,221.28
GSO,SNA,409.36
GSO,STL,220.12
GSO,TOL,244.57
GSO,TPA,235.98
GSO,TUL,206.98
GSO,TUS,192.56
HNL,SAT,440.16
HNL,ABQ,442.21
HNL,ANC,487.68
HNL,ATL,527.48
HNL,AUS,463.18
HNL,BFL,492.47
HNL,BNA,525.28
HNL,BOS,560.24
HNL,BTR,905.71
HNL,BUF,569.67
HNL,CLE,687.15
HNL,CLT,681.21
HNL,CMH,586.1
HNL,COS,558.79
HNL,CSG,624.82
HNL,DAL,373.51
HNL,DEN,449.36
HNL,ELP,474.1
HNL,EWR,677.38
HNL,FAT,429.29
HNL,FWA,477.33
HNL,GEG,380.45
HNL,GSO,704.44
HNL,HOU,536.76
HNL,IAH,705.07
HNL,ICT,464.37
HNL,IND,470.14
HNL,JAX,606.13
HNL,JFK,513.99
HNL,LAS,378.15
HNL,LAX,468.05
HNL,LBB,560.53
HNL,LGA,663.74
HNL,LGB,349.5
HNL,LNK,651.15
HNL,LRD,554.79
HNL,MCI,543.39
HNL,MCO,590.34
HNL,MDW,594.94
HNL,MEM,589.79
HNL,MIA,737.78
HNL,MKE,534.52
HNL,MSN,614.9
HNL,MSP,442.94
HNL,MSY,489.38
HNL,OAJ,627.15
HNL,OAK,285.38
HNL,OKC,471.08
HNL,OMA,519.65
HNL,ORD,532.27
HNL,ORF,716.44
HNL,PDX,457.88
HNL,PHL,573.79
HNL,PHX,388.12
HNL,PIT,609.18
HNL,PWM,600.13
HNL,RDU,536.54
HNL,RIC,677.93
HNL,RNO,376.14
HNL,SAN,315.02
HNL,SDF,621.38
HNL,SFO,397.25
HNL,SJC,296.84
HNL,SMF,380.33
HNL,SNA,348.05
HNL,STL,473.69
HNL,TOL,629.35
HNL,TPA,613.04
HNL,TUL,705.35
HNL,TUS,476.17
HOU,SAT,143.04
HOU,ABQ,309.78
HOU,ANC,358
HOU,ATL,224.09
HOU,AUS,100
HOU,BFL,277.5
HOU,BNA,249.26
HOU,BOS,242.67
HOU,BUF,254.05
HOU,CLE,206.55
HOU,CLT,266.76
HOU,CMH,268.85
HOU,COS,249.77
HOU,CSG,282.5
HOU,DAL,249.5
HOU,DEN,221.25
HOU,ELP,297.71
HOU,EWR,182.29
HOU,FAT,309.79
HOU,FWA,292.04
HOU,GEG,214.32
HOU,GSO,327.94
HOU,HNL,414.15
HOU,ICT,151.17
HOU,IND,356.33
HOU,JAX,201.07
HOU,JFK,156.22
HOU,LAS,265.65
HOU,LAX,250.81
HOU,LBB,235.87
HOU,LGA,214.53
HOU,LGB,288.67
HOU,LNK,189
HOU,LRD,321
HOU,MCI,294.21
HOU,MCO,236.24
HOU,MDW,250.86
HOU,MEM,226.84
HOU,MIA,248.53
HOU,MKE,212.37
HOU,MSN,230.64
HOU,MSP,182.94
HOU,MSY,186.67
HOU,OAJ,107
HOU,OAK,303.81
HOU,OKC,203.68
HOU,OMA,154.45
HOU,ORD,397.67
HOU,ORF,252.19
HOU,PDX,234.17
HOU,PHL,323.77
HOU,PHX,263.48
HOU,PIT,252.01
HOU,PWM,214.69
HOU,RDU,229.19
HOU,RIC,210.9
HOU,RNO,234.33
HOU,SAN,272.86
HOU,SDF,241.95
HOU,SFO,320.43
HOU,SJC,209.84
HOU,SMF,311.95
HOU,SNA,248.19
HOU,STL,251.78
HOU,TOL,186.5
HOU,TPA,194.76
HOU,TUL,183.17
HOU,TUS,234.22
IAH,SAT,189.46
IAH,ABQ,191.09
IAH,ANC,469.81
IAH,ATL,341.42
IAH,AUS,128.89
IAH,BFL,285.13
IAH,BNA,281.82
IAH,BOS,304.82
IAH,BTR,117
IAH,BUF,239.53
IAH,CLE,312.45
IAH,CLT,332.72
IAH,CMH,342.31
IAH,COS,283.42
IAH,CSG,400.5
IAH,DEN,387.72
IAH,ELP,280.76
IAH,EWR,364.31
IAH,FAT,263.61
IAH,FWA,431.06
IAH,GEG,259.68
IAH,GSO,418.45
IAH,HNL,521.66
IAH,ICT,290.48
IAH,IND,374.64
IAH,JAX,357.03
IAH,JFK,336.85
IAH,LAS,215.28
IAH,LAX,315.57
IAH,LBB,160.17
IAH,LGA,313.55
IAH,LGB,170
IAH,LNK,323.64
IAH,LRD,216.55
IAH,MCI,295.94
IAH,MCO,221.13
IAH,MDW,125
IAH,MEM,167.48
IAH,MIA,340.57
IAH,MKE,228.06
IAH,MSN,392.36
IAH,MSP,348.4
IAH,MSY,161.99
IAH,OAJ,292.5
IAH,OAK,262.48
IAH,OKC,196.6
IAH,OMA,237.93
IAH,ORD,384.76
IAH,ORF,277.45
IAH,PDX,300.55
IAH,PHL,283.09
IAH,PHX,242.45
IAH,PIT,345.41
IAH,PWM,306.79
IAH,RDU,283.36
IAH,RIC,308.27
IAH,RNO,274.29
IAH,SAN,230.28
IAH,SDF,335.44
IAH,SFO,439.04
IAH,SJC,262.64
IAH,SMF,342.14
IAH,SNA,271.62
IAH,STL,242.68
IAH,TOL,348.5
IAH,TPA,225.63
IAH,TUL,228.63
IAH,TUS,255.37
ICT,SAT,161.34
ICT,ABQ,197.26
ICT,ANC,470.09
ICT,ATL,264.42
ICT,AUS,208.46
ICT,BFL,392.75
ICT,BNA,186.79
ICT,BOS,176.3
ICT,BTR,298.83
ICT,BUF,308
ICT,CLE,211.68
ICT,CLT,323.03
ICT,CMH,244.25
ICT,COS,156
ICT,CSG,199.5
ICT,DEN,471
ICT,ELP,145.12
ICT,EWR,401.59
ICT,FAT,386.42
ICT,FWA,336.1
ICT,GEG,354.13
ICT,GSO,188.64
ICT,HNL,516.81
ICT,HOU,152.1
ICT,IAH,140.25
ICT,IND,226.57
ICT,JAX,227.06
ICT,JFK,196.99
ICT,LAS,255
ICT,LAX,218.62
ICT,LBB,173.5
ICT,LGA,282.49
ICT,LGB,263.75
ICT,LRD,451
ICT,MCO,187.94
ICT,MDW,311.33
ICT,MEM,404
ICT,MIA,251.25
ICT,MKE,233.05
ICT,MSN,248.95
ICT,MSP,213.47
ICT,MSY,208.27
ICT,OAJ,392
ICT,OAK,230
ICT,ORD,247.37
ICT,ORF,273.96
ICT,PDX,272.73
ICT,PHL,276.79
ICT,PHX,237.58
ICT,PIT,249.24
ICT,PWM,349.6
ICT,RDU,230.39
ICT,RIC,202.58
ICT,RNO,314.38
ICT,SAN,220.99
ICT,SDF,173.42
ICT,SFO,255.69
ICT,SJC,308.88
ICT,SMF,279.92
ICT,SNA,310.68
ICT,STL,143.09
ICT,TOL,172.5
ICT,TPA,231.46
ICT,TUS,209.6
IND,SAT,230.19
IND,ABQ,286.01
IND,ANC,519.92
IND,ATL,273.02
IND,AUS,194.88
IND,BFL,354.44
IND,BNA,308.1
IND,BOS,196.5
IND,BTR,143.25
IND,BUF,179.8
IND,CLE,202.18
IND,CLT,270.45
IND,CMH,284.5
IND,COS,212.5
IND,CSG,286.5
IND,DAL,236.01
IND,DEN,241.81
IND,ELP,239.9
IND,EWR,267.75
IND,FAT,333.71
IND,GEG,280.93
IND,GSO,180.72
IND,HNL,442.6
IND,HOU,249.15
IND,IAH,326.89
IND,ICT,211.32
IND,JAX,224.87
IND,JFK,201.68
IND,LAS,264.66
IND,LAX,347.52
IND,LBB,333.37
IND,LGA,229.29
IND,LGB,403.29
IND,LNK,251.21
IND,LRD,501.75
IND,MCI,258.81
IND,MCO,184.45
IND,MDW,105
IND,MEM,240.79
IND,MIA,273.65
IND,MKE,120
IND,MSN,220.01
IND,MSP,206.96
IND,MSY,201.67
IND,OAJ,326.67
IND,OAK,262.13
IND,OKC,233.3
IND,OMA,217.05
IND,ORD,116.68
IND,ORF,192.71
IND,PDX,297.59
IND,PHL,214.27
IND,PHX,297.09
IND,PIT,227.74
IND,PWM,239.41
IND,RDU,215.86
IND,RIC,260.51
IND,RNO,286.69
IND,SAN,276.67
IND,SFO,289.99
IND,SJC,220.06
IND,SMF,282.62
IND,SNA,269.94
IND,STL,234.67
IND,TOL,328
IND,TPA,228.92
IND,TUL,272.29
IND,TUS,196.44
JAX,SAT,272.17
JAX,ABQ,208.33
JAX,ANC,398.77
JAX,ATL,179.37
JAX,AUS,267.97
JAX,BFL,418.35
JAX,BNA,176.74
JAX,BOS,242.87
JAX,BTR,188.33
JAX,BUF,197.22
JAX,CLE,227.17
JAX,CLT,207.5
JAX,CMH,205.52
JAX,COS,311.17
JAX,CSG,253.5
JAX,DAL,251.83
JAX,DEN,332
JAX,ELP,312.64
JAX,EWR,289.55
JAX,FAT,389.79
JAX,FWA,362.49
JAX,GEG,367.99
JAX,GSO,268.27
JAX,HNL,602.14
JAX,HOU,239.59
JAX,IAH,297.81
JAX,ICT,290.7
JAX,IND,220.09
JAX,JFK,286.68
JAX,LAS,277.88
JAX,LAX,364.86
JAX,LBB,211.3
JAX,LGA,247.57
JAX,LGB,352.13
JAX,LNK,340.86
JAX,LRD,455.5
JAX,MCI,276.89
JAX,MDW,193.83
JAX,MEM,207.67
JAX,MIA,158.68
JAX,MKE,264.09
JAX,MSN,271.85
JAX,MSP,340.07
JAX,MSY,227.36
JAX,OAJ,193
JAX,OAK,278.72
JAX,OKC,354.46
JAX,OMA,260.14
JAX,ORD,330.25
JAX,ORF,228.55
JAX,PDX,348.15
JAX,PHL,216.64
JAX,PHX,364.47
JAX,PIT,249.67
JAX,PWM,178.31
JAX,RDU,299.1
JAX,RIC,160.7
JAX,RNO,289.16
JAX,SAN,348.74
JAX,SDF,245.98
JAX,SFO,351.36
JAX,SJC,307.31
JAX,SMF,325.25
JAX,SNA,405.87
JAX,STL,274.92
JAX,TOL,264.5
JAX,TUL,236.74
JAX,TUS,263.6
JFK,SAT,320.83
JFK,ABQ,308.33
JFK,ANC,310.18
JFK,ATL,294.31
JFK,AUS,371.31
JFK,BFL,334.12
JFK,BNA,259.88
JFK,BOS,101.09
JFK,BTR,277.01
JFK,BUF,138.44
JFK,CLE,284.89
JFK,CLT,225.49
JFK,CMH,253.48
JFK,COS,224.35
JFK,CSG,453.42
JFK,DAL,173.89
JFK,DEN,300.26
JFK,ELP,259.1
JFK,FAT,366.84
JFK,FWA,262.08
JFK,GEG,323.39
JFK,GSO,203.1
JFK,HNL,546.25
JFK,HOU,253.02
JFK,IAH,333.68
JFK,ICT,270.13
JFK,IND,213.35
JFK,JAX,228.18
JFK,LAS,314.66
JFK,LAX,428.93
JFK,LBB,339.69
JFK,LGB,263.53
JFK,LNK,269.34
JFK,LRD,361.76
JFK,MCI,293.23
JFK,MCO,238.75
JFK,MDW,177.6
JFK,MEM,262.61
JFK,MIA,239.35
JFK,MKE,191.96
JFK,MSN,354.77
JFK,MSP,359.02
JFK,MSY,216.69
JFK,OAJ,262.72
JFK,OAK,228.17
JFK,OKC,227.02
JFK,OMA,341.69
JFK,ORD,223.31
JFK,ORF,214.2
JFK,PDX,287.48
JFK,PHL,168
JFK,PHX,456.85
JFK,PIT,178.67
JFK,PWM,130.72
JFK,RDU,178.9
JFK,RIC,220.08
JFK,RNO,284.47
JFK,SAN,309.98
JFK,SDF,236.19
JFK,SFO,424.25
JFK,SJC,265.53
JFK,SMF,285.05
JFK,SNA,347.62
JFK,STL,361.05
JFK,TOL,214
JFK,TPA,253.92
JFK,TUL,290.38
JFK,TUS,313.53
LAS,SAT,231.56
LAS,ABQ,161.71
LAS,ANC,215.56
LAS,ATL,363.02
LAS,AUS,272.52
LAS,BNA,328.56
LAS,BOS,323.51
LAS,BTR,223.5
LAS,BUF,264.65
LAS,CLE,317.21
LAS,CLT,347.14
LAS,CMH,296.81
LAS,COS,238.34
LAS,CSG,257.5
LAS,DAL,285.37
LAS,DEN,270.75
LAS,ELP,237.29
LAS,EWR,336.03
LAS,FAT,149.01
LAS,FWA,408.84
LAS,GEG,155.4
LAS,GSO,376.93
LAS,HNL,388.09
LAS,HOU,276.83
LAS,IAH,291.37
LAS,ICT,165.44
LAS,IND,301.45
LAS,JAX,322.13
LAS,JFK,347.27
LAS,LAX,204.1
LAS,LBB,173.85
LAS,LGA,357.12
LAS,LGB,100
LAS,LNK,265.18
LAS,LRD,262.5
LAS,MCI,282.54
LAS,MCO,280.7
LAS,MDW,236.3
LAS,MEM,224.24
LAS,MIA,295.3
LAS,MKE,263.86
LAS,MSN,374.53
LAS,MSP,297.43
LAS,MSY,318.9
LAS,OAJ,261.22
LAS,OAK,166.77
LAS,OKC,214.8
LAS,OMA,246.71
LAS,ORD,379.29
LAS,ORF,284.46
LAS,PDX,174.72
LAS,PHL,319.84
LAS,PHX,305.67
LAS,PIT,238.62
LAS,PWM,289.93
LAS,RDU,265.04
LAS,RIC,277.94
LAS,RNO,256.61
LAS,SAN,171.42
LAS,SCK,103
LAS,SDF,301.09
LAS,SFO,206.32
LAS,SJC,176.6
LAS,SMF,214.55
LAS,SNA,166.11
LAS,STL,226.94
LAS,TOL,275.42
LAS,TPA,245.38
LAS,TUL,209.42
LAS,TUS,152.51
LAX,SAT,346.11
LAX,ABQ,204.78
LAX,ANC,281.75
LAX,ATL,380.09
LAX,AUS,304.83
LAX,BNA,347.56
LAX,BOS,360.51
LAX,BTR,553.28
LAX,BUF,253.75
LAX,CLE,296.4
LAX,CLT,397.79
LAX,CMH,316.21
LAX,COS,241.79
LAX,CSG,268.5
LAX,DAL,233.81
LAX,DEN,277.89
LAX,ELP,197.81
LAX,EWR,424.96
LAX,FAT,142.5
LAX,FWA,384.23
LAX,GEG,163.64
LAX,GSO,294.9
LAX,HNL,399.71
LAX,HOU,254.43
LAX,IAH,384.71
LAX,ICT,235.94
LAX,IND,408.17
LAX,JAX,412.59
LAX,JFK,408.89
LAX,LAS,144.52
LAX,LBB,220.34
LAX,LGA,469.89
LAX,LNK,229.01
LAX,LRD,364
LAX,MCI,272.09
LAX,MCO,314.19
LAX,MDW,195.95
LAX,MEM,363.34
LAX,MIA,449.05
LAX,MKE,251.83
LAX,MSN,333.06
LAX,MSP,348.11
LAX,MSY,361.99
LAX,OAJ,292
LAX,OAK,125.93
LAX,OKC,295.94
LAX,OMA,290.44
LAX,ORD,371.2
LAX,ORF,287.32
LAX,PDX,224.18
LAX,PHL,386.06
LAX,PHX,180.67
LAX,PIT,287.93
LAX,PWM,294.79
LAX,RDU,376.33
LAX,RIC,307.88
LAX,RNO,218.41
LAX,SAN,101
LAX,SDF,355.82
LAX,SFO,321.23
LAX,SJC,197.52
LAX,SMF,164.14
LAX,STL,403.85
LAX,TOL,610.52
LAX,TPA,356.08
LAX,TUL,331.1
LAX,TUS,172.46
LBB,SAT,205.38
LBB,ABQ,437
LBB,ANC,596
LBB,ATL,306.32
LBB,AUS,129.23
LBB,BFL,188.75
LBB,BNA,261.78
LBB,BOS,330.52
LBB,BTR,171.5
LBB,BUF,323.69
LBB,CLE,298.14
LBB,CLT,299.22
LBB,CMH,221.2
LBB,COS,230.5
LBB,DAL,245.48
LBB,DEN,179.09
LBB,ELP,164
LBB,EWR,266.06
LBB,FAT,367.83
LBB,FWA,420.25
LBB,GEG,289.27
LBB,GSO,311.57
LBB,HNL,470.2
LBB,HOU,234.45
LBB,IAH,166.84
LBB,ICT,164.25
LBB,IND,294.38
LBB,JAX,317.14
LBB,JFK,234.55
LBB,LAS,206.6
LBB,LAX,296.12
LBB,LGA,323.95
LBB,LGB,169
LBB,LRD,175
LBB,MCI,298.89
LBB,MCO,204.93
LBB,MDW,259.16
LBB,MEM,237.18
LBB,MIA,295.1
LBB,MKE,332.46
LBB,MSN,484.91
LBB,MSP,248.5
LBB,MSY,268.3
LBB,OAJ,205
LBB,OAK,251.4
LBB,OKC,198.98
LBB,OMA,320.91
LBB,ORD,285.41
LBB,ORF,233.49
LBB,PDX,182.25
LBB,PHL,537.84
LBB,PHX,256.04
LBB,PIT,354.25
LBB,PWM,814.47
LBB,RDU,291.29
LBB,RIC,355.46
LBB,RNO,317.6
LBB,SAN,167.04
LBB,SDF,330.5
LBB,SFO,194.85
LBB,SJC,208.14
LBB,SMF,287.86
LBB,SNA,239.22
LBB,STL,158.15
LBB,TOL,218.3
LBB,TPA,255.87
LBB,TUL,214.5
LBB,TUS,244.67
LCK,AUS,125
LCK,MSY,113
LGA,SAT,222.84
LGA,ABQ,246.53
LGA,ANC,308.58
LGA,ATL,351.22
LGA,AUS,276.22
LGA,BFL,678
LGA,BNA,257.19
LGA,BOS,249.34
LGA,BTR,367.62
LGA,BUF,127
LGA,CLE,217.12
LGA,CLT,232.74
LGA,CMH,243.08
LGA,COS,273.89
LGA,CSG,225.88
LGA,DAL,206.33
LGA,DEN,372.78
LGA,ELP,274.41
LGA,FAT,244.26
LGA,FWA,227.51
LGA,GEG,243.88
LGA,GSO,271.89
LGA,HNL,659.52
LGA,HOU,212.65
LGA,IAH,307.93
LGA,ICT,556.49
LGA,IND,248.41
LGA,JAX,259.97
LGA,LAS,368.84
LGA,LAX,440.84
LGA,LBB,240.89
LGA,LGB,218.35
LGA,LNK,245.09
LGA,LRD,251.83
LGA,MCI,236.99
LGA,MCO,284.59
LGA,MDW,202.51
LGA,MEM,244.61
LGA,MIA,297.77
LGA,MKE,183.53
LGA,MSN,255.87
LGA,MSP,316.46
LGA,MSY,257.56
LGA,OAJ,149.18
LGA,OAK,215.39
LGA,OKC,263.58
LGA,OMA,314.87
LGA,ORD,287.27
LGA,ORF,143.39
LGA,PDX,286.77
LGA,PHL,159.8
LGA,PHX,340.79
LGA,PIT,241.55
LGA,PWM,155.55
LGA,RDU,273.28
LGA,RIC,176.71
LGA,RNO,251.72
LGA,SAN,345.88
LGA,SDF,208.96
LGA,SFO,427.34
LGA,SJC,394.81
LGA,SMF,287.32
LGA,SNA,423.41
LGA,STL,245.78
LGA,TOL,346.25
LGA,TPA,257.16
LGA,TUL,300.36
LGA,TUS,274.39
LGB,SAT,254.5
LGB,ABQ,178.01
LGB,ATL,252.3
LGB,AUS,210.54
LGB,BNA,295.49
LGB,BOS,242.81
LGB,BUF,249.02
LGB,CLE,142
LGB,CLT,561.21
LGB,CMH,327.67
LGB,COS,251.5
LGB,DAL,177.73
LGB,DEN,190.95
LGB,ELP,254.93
LGB,EWR,337.75
LGB,FWA,285
LGB,GEG,176.1
LGB,GSO,402.5
LGB,HNL,383
LGB,HOU,366.5
LGB,IAH,338.3
LGB,ICT,333.75
LGB,IND,320.87
LGB,JAX,417.75
LGB,JFK,235.39
LGB,LAS,100
LGB,LBB,169
LGB,LGA,224.88
LGB,MCI,288.58
LGB,MCO,325.74
LGB,MDW,198.21
LGB,MEM,343.5
LGB,MIA,193.9
LGB,MKE,197.08
LGB,MSN,267
LGB,MSP,293.13
LGB,MSY,324.2
LGB,OAK,107.96
LGB,OKC,327.8
LGB,OMA,213.31
LGB,ORD,271.51
LGB,ORF,261
LGB,PDX,153.8
LGB,PHL,238.03
LGB,PHX,125.19
LGB,PIT,179.25
LGB,PWM,438.22
LGB,RDU,222.64
LGB,RIC,511.46
LGB,RNO,103.16
LGB,SDF,364
LGB,SFO,107.3
LGB,SJC,102.5
LGB,SMF,149.18
LGB,STL,262.72
LGB,TPA,364.12
LGB,TUL,219
LGB,TUS,198.96
LNK,SAT,237
LNK,ABQ,168
LNK,ANC,485.5
LNK,ATL,289.56
LNK,AUS,365.53
LNK,BNA,359.19
LNK,BOS,309.19
LNK,BTR,239.51
LNK,BUF,423
LNK,CLE,326
LNK,CLT,463.56
LNK,CMH,356.12
LNK,COS,427
LNK,DEN,171.87
LNK,ELP,669
LNK,EWR,540.76
LNK,FAT,291.5
LNK,FWA,328.25
LNK,GEG,355.35
LNK,HNL,524.93
LNK,HOU,189
LNK,IAH,306.12
LNK,IND,173.75
LNK,JAX,256.25
LNK,JFK,243.74
LNK,LAS,188.21
LNK,LAX,260.79
LNK,LGA,241.5
LNK,MCO,280.38
LNK,MDW,264
LNK,MEM,287.45
LNK,MIA,320.25
LNK,MKE,305.48
LNK,MSN,222.9
LNK,MSP,134.82
LNK,MSY,417.64
LNK,OAK,331
LNK,ORD,265.16
LNK,ORF,331.44
LNK,PDX,247
LNK,PHL,315.39
LNK,PHX,348.1
LNK,PIT,419.99
LNK,PWM,874.28
LNK,RDU,370.85
LNK,RIC,233.75
LNK,RNO,624
LNK,SAN,312.98
LNK,SDF,223.5
LNK,SFO,374
LNK,SJC,381.6
LNK,SMF,335.31
LNK,SNA,331.44
LNK,STL,242
LNK,TPA,237.32
LNK,TUS,173
LRD,ABQ,401.25
LRD,ANC,406
LRD,ATL,504.5
LRD,AUS,356.75
LRD,BFL,286.51
LRD,BNA,249.3
LRD,BOS,443.5
LRD,BTR,597.25
LRD,BUF,395
LRD,CLE,664
LRD,CLT,389.81
LRD,CMH,801.26
LRD,COS,242.5
LRD,DEN,381
LRD,ELP,467.25
LRD,EWR,403.8
LRD,FAT,346.04
LRD,GEG,406
LRD,HNL,562.21
LRD,HOU,321
LRD,IAH,224.04
LRD,IND,501.75
LRD,JAX,336.87
LRD,JFK,632
LRD,LAS,160.23
LRD,LAX,190.21
LRD,LBB,175
LRD,LGA,216.03
LRD,MCI,421.5
LRD,MCO,196.5
LRD,MEM,401.75
LRD,MIA,322.75
LRD,MKE,241.9
LRD,MSP,294.35
LRD,MSY,299
LRD,OAJ,210
LRD,OKC,153.5
LRD,OMA,293.25
LRD,ORD,253.04
LRD,ORF,438.5
LRD,PDX,434.75
LRD,PHL,467.94
LRD,PHX,329.57
LRD,PIT,685.17
LRD,PWM,310.5
LRD,RDU,639.5
LRD,RIC,578.67
LRD,SAN,488.08
LRD,SDF,490
LRD,SFO,655.89
LRD,SJC,190
LRD,SMF,254.25
LRD,SNA,265.5
LRD,STL,209.25
LRD,TOL,457
LRD,TPA,250.5
LRD,TUL,229.25
LRD,TUS,206
MCI,SAT,245.85
MCI,ABQ,281.89
MCI,ANC,247.55
MCI,ATL,237.89
MCI,AUS,236.88
MCI,BFL,658.42
MCI,BNA,234.59
MCI,BOS,220.19
MCI,BTR,214.61
MCI,BUF,189.85
MCI,CLE,250.16
MCI,CLT,255.6
MCI,CMH,293.87
MCI,COS,185.35
MCI,CSG,119.5
MCI,DAL,197.27
MCI,DEN,168.68
MCI,ELP,267.15
MCI,EWR,239.9
MCI,FAT,193.56
MCI,FWA,350.75
MCI,GEG,254.04
MCI,GSO,190.67
MCI,HNL,524.59
MCI,HOU,187.65
MCI,IAH,269
MCI,IND,178.98
MCI,JAX,227.37
MCI,JFK,314.26
MCI,LAS,245.83
MCI,LAX,285.52
MCI,LBB,200.69
MCI,LGA,302.42
MCI,LGB,240.68
MCI,LRD,130.5
MCI,MCO,265.73
MCI,MDW,243.4
MCI,MEM,314.19
MCI,MIA,218.72
MCI,MKE,222.91
MCI,MSN,121.33
MCI,MSP,183.52
MCI,MSY,202.76
MCI,OAJ,272.87
MCI,OAK,213.18
MCI,OKC,157.37
MCI,ORD,156
MCI,ORF,278.71
MCI,PDX,257.95
MCI,PHL,304.64
MCI,PHX,280.51
MCI,PIT,191.89
MCI,PWM,233.93
MCI,RDU,283.17
MCI,RIC,264.25
MCI,RNO,288.84
MCI,SAN,214.83
MCI,SDF,165.77
MCI,SFO,319.75
MCI,SJC,288.7
MCI,SMF,272.94
MCI,SNA,293.91
MCI,STL,162.25
MCI,TOL,267.5
MCI,TPA,225.36
MCI,TUS,161.75
MCO,SAT,312.55
MCO,ABQ,250.64
MCO,ANC,409.86
MCO,ATL,211.83
MCO,AUS,306.34
MCO,BFL,1004.81
MCO,BNA,230.75
MCO,BOS,211.78
MCO,BTR,204.08
MCO,BUF,181.58
MCO,CLE,193.05
MCO,CLT,217.16
MCO,CMH,244.52
MCO,COS,299.68
MCO,CSG,126.5
MCO,DAL,229.94
MCO,DEN,326.28
MCO,ELP,262.64
MCO,EWR,227.55
MCO,FAT,266.99
MCO,FWA,268.84
MCO,GEG,259.7
MCO,GSO,225.73
MCO,HNL,552.22
MCO,HOU,255.43
MCO,IAH,231.66
MCO,ICT,307.67
MCO,IND,249.68
MCO,JFK,203.14
MCO,LAS,266.57
MCO,LAX,328.51
MCO,LBB,273.95
MCO,LGA,250.27
MCO,LGB,315.24
MCO,LNK,344.52
MCO,LRD,313.55
MCO,MCI,245.36
MCO,MDW,193.71
MCO,MEM,186.13
MCO,MIA,146.41
MCO,MKE,263.13
MCO,MSN,195.49
MCO,MSP,291.35
MCO,MSY,182.32
MCO,OAJ,236.5
MCO,OAK,250.32
MCO,OKC,208.03
MCO,OMA,197.35
MCO,ORD,257.57
MCO,ORF,210.06
MCO,PDX,264.67
MCO,PHL,271.46
MCO,PHX,308.44
MCO,PIT,244.05
MCO,PWM,248.02
MCO,RDU,221.45
MCO,RIC,198.63
MCO,RNO,279.41
MCO,SAN,279.97
MCO,SDF,251.16
MCO,SFO,319.29
MCO,SJC,244.65
MCO,SMF,303.24
MCO,SNA,381.19
MCO,STL,192.52
MCO,TOL,193.73
MCO,TUL,289.27
MCO,TUS,312.96
MDW,SAT,222.91
MDW,ABQ,321.52
MDW,ANC,415
MDW,ATL,288.9
MDW,AUS,238.14
MDW,BNA,212.87
MDW,BOS,172.88
MDW,BTR,328.01
MDW,BUF,162.52
MDW,CLE,152.45
MDW,CLT,228.17
MDW,CMH,158.33
MDW,COS,238.86
MDW,CSG,176.5
MDW,DAL,222.92
MDW,DEN,246.55
MDW,ELP,216.34
MDW,EWR,230.59
MDW,GEG,236.33
MDW,GSO,153.05
MDW,HNL,706.94
MDW,HOU,242.36
MDW,IAH,220.15
MDW,ICT,367.01
MDW,IND,102
MDW,JAX,215.26
MDW,JFK,224.56
MDW,LAS,249.05
MDW,LAX,224.15
MDW,LBB,200.1
MDW,LGA,208.91
MDW,LGB,163.36
MDW,LNK,251
MDW,MCI,159.86
MDW,MCO,259.59
MDW,MEM,170.52
MDW,MIA,269.15
MDW,MSP,215.01
MDW,MSY,246.33
MDW,OAJ,131
MDW,OAK,208.76
MDW,OKC,200.8
MDW,OMA,153.35
MDW,ORF,171.37
MDW,PDX,265.68
MDW,PHL,180.36
MDW,PHX,271.89
MDW,PIT,180.25
MDW,PWM,194.99
MDW,RDU,178.93
MDW,RIC,134.49
MDW,RNO,257.13
MDW,SAN,308.82
MDW,SDF,166.41
MDW,SFO,156.55
MDW,SJC,195.61
MDW,SMF,270.41
MDW,SNA,265.02
MDW,STL,194.98
MDW,TPA,201.42
MDW,TUL,226.44
MDW,TUS,255.82
MEM,SAT,187.67
MEM,ABQ,223.78
MEM,ANC,319.37
MEM,ATL,199.22
MEM,AUS,178.12
MEM,BFL,513.26
MEM,BOS,385.75
MEM,BTR,259.63
MEM,BUF,260.27
MEM,CLE,266.86
MEM,CLT,226.61
MEM,CMH,269.73
MEM,COS,362.54
MEM,CSG,314.5
MEM,DAL,280.51
MEM,DEN,335.91
MEM,ELP,184.07
MEM,EWR,322.19
MEM,FAT,203.94
MEM,FWA,292.47
MEM,GEG,317.63
MEM,GSO,267.21
MEM,HNL,551.55
MEM,HOU,160.1
MEM,IAH,227.07
MEM,ICT,150
MEM,IND,205.62
MEM,JAX,205.47
MEM,JFK,294.25
MEM,LAS,288.69
MEM,LAX,360.86
MEM,LBB,184.94
MEM,LGA,230.77
MEM,LGB,343.5
MEM,LNK,404.75
MEM,LRD,296.25
MEM,MCI,477
MEM,MCO,200.97
MEM,MDW,197.72
MEM,MIA,287.21
MEM,MKE,251.73
MEM,MSN,255.72
MEM,MSP,372.28
MEM,MSY,198.49
MEM,OAJ,165.75
MEM,OAK,287.94
MEM,OKC,215.88
MEM,OMA,293.41
MEM,ORD,173.51
MEM,ORF,262.01
MEM,PDX,250.5
MEM,PHL,311.19
MEM,PHX,351.72
MEM,PIT,294.95
MEM,PWM,355.02
MEM,RDU,264.51
MEM,RIC,272.57
MEM,RNO,288.34
MEM,SAN,275.48
MEM,SDF,347.45
MEM,SFO,323.92
MEM,SJC,264.27
MEM,SMF,325.23
MEM,SNA,404.02
MEM,STL,214
MEM,TOL,385
MEM,TPA,217.74
MEM,TUL,200.83
MEM,TUS,289.96
MIA,SAT,370.61
MIA,ABQ,447.27
MIA,ANC,549.79
MIA,ATL,189.92
MIA,AUS,355.54
MIA,BFL,425.82
MIA,BNA,368.04
MIA,BOS,224.87
MIA,BTR,184.66
MIA,BUF,247.8
MIA,CLE,292.5
MIA,CLT,309.5
MIA,CMH,198.35
MIA,COS,414.7
MIA,CSG,286.31
MIA,DAL,196
MIA,DEN,305.6
MIA,ELP,467.47
MIA,EWR,225.7
MIA,FAT,326.65
MIA,FWA,308.06
MIA,GEG,279.92
MIA,GSO,246.71
MIA,HNL,591.86
MIA,HOU,195.33
MIA,IAH,262.91
MIA,ICT,228.44
MIA,IND,250.95
MIA,JAX,180.21
MIA,JFK,236.84
MIA,LAS,350.37
MIA,LAX,438.77
MIA,LBB,305.75
MIA,LGA,219.29
MIA,LGB,323.02
MIA,LNK,343
MIA,LRD,336
MIA,MCI,408.36
MIA,MCO,101
MIA,MDW,207.89
MIA,MEM,273.96
MIA,MKE,208.14
MIA,MSN,249.06
MIA,MSP,289.24
MIA,MSY,232.62
MIA,OAJ,155.43
MIA,OAK,440.65
MIA,OKC,355.47
MIA,OMA,265.78
MIA,ORD,308.48
MIA,ORF,316.27
MIA,PDX,318.01
MIA,PHL,285.29
MIA,PHX,446.65
MIA,PIT,241.27
MIA,PWM,248.29
MIA,RDU,240.92
MIA,RIC,183.74
MIA,RNO,371.57
MIA,SAN,354.05
MIA,SDF,242.51
MIA,SFO,420.57
MIA,SJC,301.37
MIA,SMF,377.76
MIA,SNA,404.82
MIA,STL,258.43
MIA,TOL,201.34
MIA,TPA,112.91
MIA,TUL,211.03
MIA,TUS,338.99
MKE,SAT,231.56
MKE,ABQ,279.44
MKE,ANC,326.12
MKE,ATL,238.33
MKE,AUS,234.48
MKE,BFL,329.75
MKE,BNA,228.49
MKE,BOS,256.69
MKE,BTR,211.07
MKE,BUF,183.2
MKE,CLE,130.23
MKE,CLT,214.2
MKE,CMH,218.81
MKE,COS,145.94
MKE,CSG,253.5
MKE,DAL,206.8
MKE,DEN,211.35
MKE,ELP,289.28
MKE,EWR,236.59
MKE,FAT,359.08
MKE,FWA,189.5
MKE,GEG,274.6
MKE,GSO,189.51
MKE,HNL,484.03
MKE,HOU,185.81
MKE,IAH,259.38
MKE,ICT,213.97
MKE,IND,197.29
MKE,JAX,278.73
MKE,JFK,183.64
MKE,LAS,251.12
MKE,LAX,242
MKE,LBB,333.27
MKE,LGA,182.19
MKE,LGB,193.5
MKE,LNK,340.34
MKE,LRD,390.64
MKE,MCI,200.98
MKE,MCO,199.37
MKE,MEM,252.93
MKE,MIA,181.5
MKE,MSP,186.42
MKE,MSY,204.87
MKE,OAJ,189
MKE,OAK,246.91
MKE,OKC,249.94
MKE,OMA,157.69
MKE,ORD,243
MKE,ORF,180.25
MKE,PDX,262.73
MKE,PHL,295.84
MKE,PHX,264.7
MKE,PIT,196.79
MKE,PWM,193.58
MKE,RDU,193.11
MKE,RIC,181.12
MKE,RNO,279.8
MKE,SAN,245.17
MKE,SDF,170.93
MKE,SFO,288.87
MKE,SJC,202.57
MKE,SMF,291.74
MKE,SNA,300.34
MKE,STL,206.01
MKE,TOL,328
MKE,TPA,225.54
MKE,TUL,243.16
MKE,TUS,206.87
MSN,SAT,255.1
MSN,ABQ,288.47
MSN,ANC,360.82
MSN,ATL,346.1
MSN,AUS,213.74
MSN,BFL,429.51
MSN,BNA,277.11
MSN,BOS,221.42
MSN,BTR,230.44
MSN,BUF,327.84
MSN,CLE,145.17
MSN,CLT,262.62
MSN,CMH,209.62
MSN,COS,178.67
MSN,CSG,544.75
MSN,DAL,160
MSN,DEN,356.43
MSN,ELP,291.99
MSN,EWR,312.15
MSN,FAT,318.86
MSN,FWA,300.45
MSN,GEG,281.43
MSN,GSO,235.57
MSN,HNL,612.76
MSN,HOU,254
MSN,IAH,271.84
MSN,ICT,293.91
MSN,IND,221.6
MSN,JAX,262.78
MSN,JFK,325.51
MSN,LAS,309.02
MSN,LAX,340.36
MSN,LBB,324.83
MSN,LGA,305.83
MSN,LNK,237.79
MSN,MCI,129.75
MSN,MCO,251.85
MSN,MEM,258.85
MSN,MIA,250.83
MSN,MSP,203.34
MSN,MSY,355.55
MSN,OAJ,357
MSN,OAK,359.98
MSN,OKC,242.47
MSN,OMA,229.3
MSN,ORD,232
MSN,ORF,228.07
MSN,PDX,355.56
MSN,PHL,272.69
MSN,PHX,385.51
MSN,PIT,289.35
MSN,PWM,432.37
MSN,RDU,225.63
MSN,RIC,212.61
MSN,RNO,315.42
MSN,SAN,266.89
MSN,SDF,269.64
MSN,SFO,321.28
MSN,SJC,287.2
MSN,SMF,381.8
MSN,SNA,337.04
MSN,STL,307.75
MSN,TOL,278
MSN,TPA,288.95
MSN,TUL,239.96
MSN,TUS,238.15
MSP,SAT,351.83
MSP,ABQ,252.06
MSP,ANC,374.72
MSP,ATL,369.03
MSP,AUS,281.37
MSP,BFL,545.28
MSP,BNA,280.03
MSP,BOS,346.87
MSP,BTR,420.28
MSP,BUF,239.29
MSP,CLE,385.14
MSP,CLT,326.96
MSP,CMH,327.47
MSP,COS,230.88
MSP,CSG,227.69
MSP,DAL,306.71
MSP,DEN,237.73
MSP,ELP,264.95
MSP,EWR,375.77
MSP,FAT,340.48
MSP,FWA,284.93
MSP,GEG,277.62
MSP,GSO,335.7
MSP,HNL,474.95
MSP,HOU,239.6
MSP,IAH,424.44
MSP,ICT,276.9
MSP,IND,381.15
MSP,JAX,319.52
MSP,JFK,377.4
MSP,LAS,305.78
MSP,LAX,344.43
MSP,LBB,288.64
MSP,LGA,396.77
MSP,LGB,293.24
MSP,LNK,108.25
MSP,LRD,304.75
MSP,MCI,195.85
MSP,MCO,278.16
MSP,MDW,155.75
MSP,MEM,312.73
MSP,MIA,283.63
MSP,MKE,214.48
MSP,MSN,247.38
MSP,MSY,268.93
MSP,OAJ,319.02
MSP,OAK,261.5
MSP,OKC,274.46
MSP,OMA,290.64
MSP,ORD,300.66
MSP,ORF,277.56
MSP,PDX,286.89
MSP,PHL,373.5
MSP,PHX,336.08
MSP,PIT,328.84
MSP,PWM,359.66
MSP,RDU,293.75
MSP,RIC,305.16
MSP,RNO,250.45
MSP,SAN,296.34
MSP,SDF,223.74
MSP,SFO,267.43
MSP,SJC,250.65
MSP,SMF,217.82
MSP,SNA,365.59
MSP,STL,225.25
MSP,TOL,308
MSP,TPA,271.45
MSP,TUL,278.09
MSP,TUS,246.2
MSY,SAT,120.14
MSY,ABQ,320.76
MSY,ANC,459.52
MSY,ATL,156.44
MSY,AUS,196.04
MSY,BFL,273.47
MSY,BNA,180.95
MSY,BOS,265.17
MSY,BUF,248.03
MSY,CLE,191.08
MSY,CLT,266.89
MSY,CMH,201.28
MSY,COS,191.46
MSY,CSG,205.31
MSY,DAL,217.42
MSY,DEN,268.96
MSY,ELP,273.95
MSY,EWR,247.05
MSY,FAT,232.18
MSY,FWA,531.88
MSY,GEG,291.18
MSY,GSO,193.71
MSY,HNL,781.08
MSY,HOU,370
MSY,IAH,182.76
MSY,ICT,201.8
MSY,IND,213.03
MSY,JAX,179.93
MSY,JFK,278.25
MSY,LAS,247.33
MSY,LAX,382.94
MSY,LBB,215.49
MSY,LCK,100
MSY,LGA,271.32
MSY,LGB,347.28
MSY,LNK,284.31
MSY,LRD,166
MSY,MCI,179.95
MSY,MCO,196.92
MSY,MDW,265.27
MSY,MEM,306.74
MSY,MIA,273.29
MSY,MKE,187.62
MSY,MSN,225.85
MSY,MSP,270.09
MSY,OAJ,135
MSY,OAK,225.18
MSY,OKC,236.46
MSY,OMA,276.28
MSY,ORD,235.58
MSY,ORF,285.02
MSY,PDX,310.59
MSY,PHL,297.12
MSY,PHX,283.17
MSY,PIT,203.83
MSY,PWM,234.64
MSY,RDU,221.16
MSY,RIC,277.69
MSY,RNO,268.82
MSY,SAN,361.87
MSY,SDF,247.31
MSY,SFO,336.83
MSY,SJC,220.09
MSY,SMF,313.79
MSY,SNA,268.34
MSY,STL,249.77
MSY,TOL,312.68
MSY,TPA,169.32
MSY,TUL,235.97
MSY,TUS,241.07
OAJ,SAT,258.21
OAJ,ABQ,203.5
OAJ,ANC,545
OAJ,ATL,124
OAJ,AUS,162.25
OAJ,BNA,168.95
OAJ,BOS,222.83
OAJ,BTR,156.5
OAJ,BUF,224.25
OAJ,CLE,175.45
OAJ,CLT,180
OAJ,CMH,125.5
OAJ,COS,247
OAJ,CSG,522.35
OAJ,DAL,187
OAJ,DEN,157.69
OAJ,ELP,273.15
OAJ,EWR,100.5
OAJ,FAT,352.87
OAJ,FWA,246.75
OAJ,GEG,190.1
OAJ,HNL,551.18
OAJ,HOU,162
OAJ,IAH,168
OAJ,ICT,307.5
OAJ,IND,149.25
OAJ,JAX,148
OAJ,JFK,100
OAJ,LAS,246.75
OAJ,LAX,269.07
OAJ,LBB,205
OAJ,LGA,259.63
OAJ,LRD,210
OAJ,MCI,160.51
OAJ,MCO,172.22
OAJ,MDW,367
OAJ,MEM,177.32
OAJ,MIA,127.25
OAJ,MKE,178.45
OAJ,MSN,263
OAJ,MSP,169.57
OAJ,MSY,118.25
OAJ,OAK,292
OAJ,OKC,180
OAJ,OMA,295.25
OAJ,ORD,229.27
OAJ,PDX,313.11
OAJ,PHL,118.5
OAJ,PHX,269.9
OAJ,PIT,111.25
OAJ,PWM,143.5
OAJ,RNO,381.98
OAJ,SAN,469.02
OAJ,SDF,149
OAJ,SFO,269.22
OAJ,SJC,554.36
OAJ,SMF,317.18
OAJ,SNA,269.74
OAJ,STL,134.5
OAJ,TOL,191
OAJ,TPA,117
OAJ,TUL,268
OAJ,TUS,383.57
OAK,SAT,273.43
OAK,ABQ,177.89
OAK,ANC,224.3
OAK,ATL,294.67
OAK,AUS,234.44
OAK,BNA,242.39
OAK,BOS,270.17
OAK,BTR,362.6
OAK,BUF,303.86
OAK,CLE,300.43
OAK,CLT,248.14
OAK,CMH,288.95
OAK,COS,286.18
OAK,CSG,405.49
OAK,DAL,246.79
OAK,DEN,196.29
OAK,ELP,235.28
OAK,EWR,189.46
OAK,GEG,211.84
OAK,GSO,409.55
OAK,HNL,295.56
OAK,HOU,300.18
OAK,IAH,257.55
OAK,ICT,361.92
OAK,IND,334.54
OAK,JAX,274.62
OAK,JFK,237.08
OAK,LAS,188.88
OAK,LAX,129.09
OAK,LBB,291.05
OAK,LGA,261.75
OAK,LGB,105.93
OAK,LNK,298.5
OAK,MCI,264.48
OAK,MCO,280.67
OAK,MDW,317.95
OAK,MEM,324.49
OAK,MIA,399.58
OAK,MKE,220.17
OAK,MSN,383.46
OAK,MSP,279.35
OAK,MSY,264.74
OAK,OAJ,504.25
OAK,OKC,189.96
OAK,OMA,225.83
OAK,ORD,163.72
OAK,ORF,420.62
OAK,PDX,191
OAK,PHL,269.95
OAK,PHX,207.17
OAK,PIT,279.51
OAK,PWM,295.07
OAK,RDU,273.18
OAK,RIC,334.77
OAK,RNO,101
OAK,SAN,180.97
OAK,SDF,365.3
OAK,SFO,262
OAK,SNA,153.57
OAK,STL,288.63
OAK,TPA,261.67
OAK,TUL,334.13
OAK,TUS,195.37
OKC,SAT,202.6
OKC,ABQ,182.49
OKC,ANC,476.51
OKC,ATL,238.3
OKC,AUS,262.68
OKC,BFL,278
OKC,BNA,243.71
OKC,BOS,252.3
OKC,BTR,161.33
OKC,BUF,232.38
OKC,CLE,308.32
OKC,CLT,267.43
OKC,CMH,289.05
OKC,COS,183.42
OKC,CSG,257.5
OKC,DAL,101
OKC,DEN,142.51
OKC,ELP,227.53
OKC,EWR,341.26
OKC,FAT,320.37
OKC,FWA,310.25
OKC,GEG,262.67
OKC,GSO,299.67
OKC,HNL,512.86
OKC,HOU,268.79
OKC,IAH,171.66
OKC,IND,221.23
OKC,JAX,308.1
OKC,JFK,340.7
OKC,LAS,220.31
OKC,LAX,236.8
OKC,LBB,182.59
OKC,LGA,299.49
OKC,LGB,346.01
OKC,LRD,331
OKC,MCI,185.24
OKC,MCO,262.04
OKC,MDW,186.89
OKC,MEM,258.88
OKC,MIA,278.42
OKC,MKE,212.76
OKC,MSN,329.14
OKC,MSP,251.17
OKC,MSY,183.59
OKC,OAJ,174.25
OKC,OAK,226.76
OKC,OMA,198.94
OKC,ORD,307.04
OKC,ORF,254.14
OKC,PDX,246.7
OKC,PHL,282.15
OKC,PHX,266.65
OKC,PIT,308.44
OKC,PWM,321.07
OKC,RDU,272.92
OKC,RIC,220.45
OKC,RNO,206.75
OKC,SAN,204.31
OKC,SDF,234.94
OKC,SFO,225.18
OKC,SJC,202.42
OKC,SMF,239.1
OKC,SNA,441.49
OKC,STL,270.08
OKC,TOL,432.75
OKC,TPA,192.97
OKC,TUS,199.97
OMA,SAT,190.35
OMA,ABQ,290.74
OMA,ANC,219.5
OMA,ATL,283.11
OMA,AUS,163
OMA,BFL,287.75
OMA,BNA,189.19
OMA,BOS,300.86
OMA,BTR,337.72
OMA,BUF,245.76
OMA,CLE,158.99
OMA,CLT,253.94
OMA,CMH,252.47
OMA,COS,260.89
OMA,CSG,224.5
OMA,DAL,190.48
OMA,DEN,127.17
OMA,ELP,254.6
OMA,EWR,271.93
OMA,FAT,288.22
OMA,FWA,354.99
OMA,GEG,291.13
OMA,GSO,271.62
OMA,HNL,457.98
OMA,HOU,254.98
OMA,IAH,201.17
OMA,IND,329.61
OMA,JAX,283.07
OMA,JFK,190.92
OMA,LAS,242.41
OMA,LAX,213.2
OMA,LBB,257.13
OMA,LGA,314.59
OMA,LGB,157.06
OMA,LRD,479.18
OMA,MCO,238.35
OMA,MDW,167.2
OMA,MEM,265.01
OMA,MIA,235.55
OMA,MKE,264.36
OMA,MSN,316.21
OMA,MSP,264.98
OMA,MSY,219.51
OMA,OAJ,285.57
OMA,OAK,289.24
OMA,OKC,160.57
OMA,ORD,168.55
OMA,ORF,209.04
OMA,PDX,175.32
OMA,PHL,280.44
OMA,PHX,278.13
OMA,PIT,237.08
OMA,PWM,270.94
OMA,RDU,278.31
OMA,RIC,248.43
OMA,RNO,277.54
OMA,SAN,229.16
OMA,SDF,198.23
OMA,SFO,231.74
OMA,SJC,335.81
OMA,SMF,286.19
OMA,SNA,285.62
OMA,STL,305.6
OMA,TOL,165
OMA,TPA,206.94
OMA,TUL,121.07
OMA,TUS,202.83
ORD,SAT,349.93
ORD,ABQ,326.87
ORD,ANC,293.17
ORD,ATL,297.07
ORD,AUS,312.68
ORD,BFL,286.43
ORD,BNA,245.41
ORD,BOS,263.16
ORD,BTR,423.87
ORD,BUF,201.12
ORD,CLE,283.46
ORD,CLT,302.29
ORD,CMH,168.11
ORD,COS,265.91
ORD,CSG,330.22
ORD,DAL,207.77
ORD,DEN,316.5
ORD,ELP,320.78
ORD,EWR,327.36
ORD,FAT,294.09
ORD,FWA,139.22
ORD,GEG,285.96
ORD,GSO,300.5
ORD,HNL,595.68
ORD,HOU,194.06
ORD,IAH,342.9
ORD,ICT,250.4
ORD,IND,224.53
ORD,JAX,300.94
ORD,JFK,273.84
ORD,LAS,332.61
ORD,LAX,427.34
ORD,LBB,303.88
ORD,LGA,230.2
ORD,LGB,191.06
ORD,LNK,375.62
ORD,LRD,311.51
ORD,MCI,170.09
ORD,MCO,281.56
ORD,MEM,243.6
ORD,MIA,325.39
ORD,MKE,113
ORD,MSN,269
ORD,MSP,193.44
ORD,MSY,303.34
ORD,OAJ,182.16
ORD,OAK,191.38
ORD,OKC,324.54
ORD,OMA,172.96
ORD,ORF,268.45
ORD,PDX,332.45
ORD,PHL,330.81
ORD,PHX,403.37
ORD,PIT,227.82
ORD,PWM,276.28
ORD,RDU,268.11
ORD,RIC,236.68
ORD,RNO,296.86
ORD,SAN,400.9
ORD,SDF,181.28
ORD,SFO,442.87
ORD,SJC,329.82
ORD,SMF,293.81
ORD,SNA,406.11
ORD,STL,183
ORD,TOL,250
ORD,TPA,303
ORD,TUL,340.17
ORD,TUS,347.99
ORF,SAT,341.95
ORF,ABQ,263.27
ORF,ANC,368.1
ORF,ATL,240.3
ORF,AUS,257.01
ORF,BFL,308.5
ORF,BNA,234.34
ORF,BOS,163.53
ORF,BTR,2342.04
ORF,BUF,173.85
ORF,CLE,177.02
ORF,CLT,231.73
ORF,CMH,180.09
ORF,COS,243.04
ORF,CSG,261
ORF,DAL,184.33
ORF,DEN,299.36
ORF,ELP,269.76
ORF,EWR,270.77
ORF,FAT,379.44
ORF,FWA,258.51
ORF,GEG,324.82
ORF,GSO,419
ORF,HNL,534.06
ORF,HOU,237.44
ORF,IAH,259.61
ORF,ICT,284.79
ORF,IND,209.66
ORF,JAX,274.09
ORF,JFK,134
ORF,LAS,326
ORF,LAX,329.33
ORF,LBB,219.29
ORF,LGA,236.87
ORF,LGB,205
ORF,LNK,278.25
ORF,LRD,201
ORF,MCI,213.79
ORF,MCO,194.55
ORF,MDW,182.19
ORF,MEM,304.86
ORF,MIA,309.95
ORF,MKE,178.68
ORF,MSN,262.65
ORF,MSP,282
ORF,MSY,273.11
ORF,OAK,393.54
ORF,OKC,252.01
ORF,OMA,187.42
ORF,ORD,243.98
ORF,PDX,289.97
ORF,PHL,185.45
ORF,PHX,276.35
ORF,PIT,181.07
ORF,PWM,179.04
ORF,RDU,355
ORF,RNO,309.24
ORF,SAN,370.68
ORF,SDF,227.68
ORF,SFO,347.46
ORF,SJC,339.72
ORF,SMF,351.29
ORF,SNA,373.18
ORF,STL,189.02
ORF,TOL,246
ORF,TPA,205.2
ORF,TUL,210.69
ORF,TUS,361.81
PDX,SAT,276.66
PDX,ABQ,179.78
PDX,ANC,356.59
PDX,ATL,300.72
PDX,AUS,287.04
PDX,BFL,352.88
PDX,BNA,285.21
PDX,BOS,304.29
PDX,BTR,394.84
PDX,BUF,274.67
PDX,CLE,240.47
PDX,CLT,341.07
PDX,CMH,284.12
PDX,COS,174.38
PDX,CSG,519.33
PDX,DAL,213.09
PDX,DEN,268.45
PDX,ELP,281.59
PDX,EWR,324.46
PDX,FAT,204.05
PDX,FWA,432.86
PDX,GEG,140.31
PDX,GSO,324.31
PDX,HNL,384.98
PDX,HOU,247.91
PDX,IAH,357.82
PDX,ICT,292.63
PDX,IND,265.38
PDX,JAX,310.65
PDX,JFK,352.63
PDX,LAS,167.06
PDX,LAX,236.73
PDX,LBB,265.66
PDX,LGA,337.11
PDX,LGB,154.13
PDX,LNK,293.12
PDX,LRD,550.5
PDX,MCI,273.54
PDX,MCO,254.77
PDX,MDW,227.85
PDX,MEM,264.14
PDX,MIA,306.67
PDX,MKE,219.19
PDX,MSN,341.64
PDX,MSP,347.68
PDX,MSY,311.3
PDX,OAJ,318.89
PDX,OAK,251.91
PDX,OKC,246.12
PDX,OMA,216.21
PDX,ORD,371.64
PDX,ORF,368.4
PDX,PHL,297.13
PDX,PHX,265.68
PDX,PIT,314.93
PDX,PWM,464.96
PDX,RDU,285.73
PDX,RIC,364.67
PDX,RNO,151.15
PDX,SAN,168.72
PDX,SDF,321.64
PDX,SFO,218.8
PDX,SJC,235.59
PDX,SMF,251.49
PDX,SNA,184.82
PDX,STL,277.06
PDX,TOL,209.43
PDX,TPA,289.05
PDX,TUL,284.05
PDX,TUS,189.92
PHL,SAT,310.03
PHL,ABQ,325.77
PHL,ANC,462.09
PHL,ATL,276.83
PHL,AUS,340.44
PHL,BFL,340.06
PHL,BNA,200.36
PHL,BOS,236.95
PHL,BTR,293.81
PHL,BUF,277.37
PHL,CLE,212.42
PHL,CLT,369.05
PHL,CMH,277.18
PHL,COS,286.79
PHL,CSG,296
PHL,DAL,246.3
PHL,DEN,277.03
PHL,ELP,387.38
PHL,EWR,156
PHL,FAT,471.48
PHL,FWA,492.68
PHL,GEG,374.38
PHL,GSO,264.45
PHL,HNL,742.86
PHL,HOU,263.38
PHL,IAH,374.82
PHL,ICT,199.23
PHL,IND,232.25
PHL,JAX,242.18
PHL,JFK,276
PHL,LAS,295.88
PHL,LAX,393.64
PHL,LBB,258.29
PHL,LGA,177.28
PHL,LGB,243.41
PHL,LNK,309.32
PHL,LRD,306.5
PHL,MCI,261.42
PHL,MCO,213.53
PHL,MDW,192.24
PHL,MEM,314.04
PHL,MIA,273.47
PHL,MKE,308.48
PHL,MSN,313.2
PHL,MSP,286.44
PHL,MSY,251.04
PHL,OAJ,158
PHL,OAK,270.61
PHL,OKC,305.04
PHL,OMA,306.51
PHL,ORD,326.9
PHL,ORF,314.44
PHL,PDX,340.46
PHL,PHX,350.06
PHL,PIT,319.41
PHL,PWM,341.53
PHL,RDU,203.54
PHL,RIC,388.74
PHL,RNO,338.22
PHL,SAN,366.13
PHL,SDF,243.24
PHL,SFO,407.98
PHL,SJC,394.67
PHL,SMF,342.85
PHL,SNA,389.75
PHL,STL,266.44
PHL,TOL,273
PHL,TPA,258.17
PHL,TUL,351.97
PHL,TUS,353.03
PHX,SAT,290.72
PHX,ABQ,103
PHX,ANC,300.57
PHX,ATL,376.57
PHX,AUS,221.58
PHX,BFL,173.1
PHX,BNA,310.7
PHX,BOS,375.56
PHX,BTR,360.7
PHX,BUF,284.16
PHX,CLE,279.21
PHX,CLT,386.57
PHX,CMH,254.86
PHX,COS,222.07
PHX,CSG,275
PHX,DAL,298.59
PHX,DEN,264.25
PHX,ELP,124.77
PHX,EWR,355.68
PHX,FAT,164.33
PHX,FWA,579.59
PHX,GEG,194.25
PHX,GSO,403.1
PHX,HNL,408.75
PHX,HOU,205.55
PHX,IAH,310.82
PHX,ICT,270.62
PHX,IND,323.17
PHX,JAX,326.96
PHX,JFK,419.88
PHX,LAS,206.47
PHX,LAX,165.39
PHX,LBB,157.44
PHX,LGA,371.57
PHX,LGB,164.34
PHX,LNK,388.67
PHX,LRD,250.5
PHX,MCI,297.2
PHX,MCO,324.09
PHX,MDW,296.61
PHX,MEM,348.33
PHX,MIA,443.4
PHX,MKE,245.94
PHX,MSN,394.21
PHX,MSP,298.76
PHX,MSY,292.05
PHX,OAJ,340.82
PHX,OAK,165.95
PHX,OKC,287.89
PHX,OMA,280.43
PHX,ORD,389.72
PHX,ORF,280.08
PHX,PDX,274.31
PHX,PHL,371.91
PHX,PIT,321
PHX,PWM,276.14
PHX,RDU,303.53
PHX,RIC,345.57
PHX,RNO,208.36
PHX,SAN,170.81
PHX,SDF,303
PHX,SFO,240.36
PHX,SJC,229.38
PHX,SMF,233
PHX,SNA,162.63
PHX,STL,322.24
PHX,TOL,179.74
PHX,TPA,292.38
PHX,TUL,297.29
PHX,TUS,140
PIT,SAT,315.62
PIT,ABQ,225.93
PIT,ANC,361.82
PIT,ATL,253.01
PIT,AUS,255.63
PIT,BFL,414.62
PIT,BNA,179.52
PIT,BOS,166.75
PIT,BTR,237.29
PIT,CLE,198.57
PIT,CLT,266.71
PIT,COS,200.39
PIT,CSG,143.5
PIT,DAL,226.32
PIT,DEN,269.83
PIT,ELP,438.51
PIT,EWR,246.73
PIT,FAT,502.2
PIT,FWA,233.31
PIT,GEG,325.18
PIT,GSO,228.69
PIT,HNL,661.27
PIT,HOU,267.94
PIT,IAH,286.75
PIT,ICT,212.46
PIT,IND,203.11
PIT,JAX,242.54
PIT,JFK,299.27
PIT,LAS,270.26
PIT,LAX,377.32
PIT,LBB,203.83
PIT,LGA,301.18
PIT,LGB,270.79
PIT,LNK,316.46
PIT,LRD,448
PIT,MCI,198.29
PIT,MCO,225.29
PIT,MDW,176.66
PIT,MEM,302.38
PIT,MIA,216.15
PIT,MKE,163.33
PIT,MSN,190.04
PIT,MSP,222.94
PIT,MSY,184.28
PIT,OAJ,111
PIT,OAK,299.81
PIT,OKC,350.76
PIT,OMA,265.68
PIT,ORD,188.55
PIT,ORF,156.78
PIT,PDX,306.24
PIT,PHL,217.31
PIT,PHX,262.21
PIT,PWM,216.37
PIT,RDU,205.87
PIT,RIC,172.96
PIT,RNO,321.55
PIT,SAN,269.12
PIT,SDF,187.94
PIT,SFO,313.37
PIT,SJC,289.06
PIT,SMF,313.72
PIT,SNA,308.26
PIT,STL,185.78
PIT,TPA,226.21
PIT,TUL,249.79
PIT,TUS,246.64
PWM,SAT,248.58
PWM,ABQ,320.51
PWM,ANC,622.47
PWM,ATL,312.82
PWM,AUS,320.86
PWM,BNA,239.75
PWM,BTR,248
PWM,BUF,227.61
PWM,CLE,198.74
PWM,CLT,280.11
PWM,CMH,180.69
PWM,COS,357.22
PWM,DAL,300.86
PWM,DEN,305.96
PWM,ELP,311.44
PWM,EWR,129.94
PWM,FAT,398.75
PWM,FWA,305.22
PWM,GEG,315.17
PWM,GSO,208.51
PWM,HNL,499.56
PWM,HOU,234.49
PWM,IAH,296.68
PWM,ICT,361.63
PWM,IND,185.02
PWM,JAX,177.01
PWM,JFK,136.49
PWM,LAS,283.85
PWM,LAX,382.83
PWM,LBB,497.98
PWM,LGA,159.78
PWM,LGB,591.85
PWM,LRD,310.5
PWM,MCI,284.52
PWM,MCO,182.84
PWM,MDW,249.34
PWM,MEM,316.15
PWM,MIA,281.77
PWM,MKE,198.34
PWM,MSN,333.31
PWM,MSP,315.72
PWM,MSY,239.6
PWM,OAJ,174.67
PWM,OAK,414.42
PWM,OKC,347.87
PWM,OMA,321.47
PWM,ORD,351.32
PWM,ORF,204.41
PWM,PDX,300.07
PWM,PHL,350.57
PWM,PHX,354.27
PWM,PIT,223.05
PWM,RDU,152.73
PWM,RIC,202.8
PWM,RNO,409.47
PWM,SAN,305.73
PWM,SDF,192.76
PWM,SFO,233.59
PWM,SJC,425.28
PWM,SMF,367.29
PWM,SNA,323.38
PWM,STL,180.63
PWM,TOL,172
PWM,TPA,226.35
PWM,TUL,273.35
PWM,TUS,320.32
RDU,SAT,278.49
RDU,ABQ,239.13
RDU,ANC,513.83
RDU,ATL,245.5
RDU,AUS,263.49
RDU,BFL,381.8
RDU,BNA,235.11
RDU,BOS,214.31
RDU,BTR,184.63
RDU,BUF,251.2
RDU,CLE,189.08
RDU,CLT,149.5
RDU,CMH,187.4
RDU,COS,214.9
RDU,CSG,147.5
RDU,DAL,264.47
RDU,DEN,287.51
RDU,ELP,283.29
RDU,EWR,191.07
RDU,FAT,394.04
RDU,FWA,265.62
RDU,GEG,278.79
RDU,HNL,514.06
RDU,HOU,183.37
RDU,IAH,298.42
RDU,ICT,288.72
RDU,IND,228.86
RDU,JAX,202.61
RDU,JFK,189.66
RDU,LAS,263.79
RDU,LAX,320.31
RDU,LBB,296.43
RDU,LGA,197.52
RDU,LGB,270.18
RDU,LNK,340.7
RDU,LRD,715.5
RDU,MCI,276.6
RDU,MCO,266.76
RDU,MDW,199.37
RDU,MEM,308.08
RDU,MIA,250.18
RDU,MKE,181.49
RDU,MSN,312.78
RDU,MSP,290.94
RDU,MSY,223.49
RDU,OAK,271.72
RDU,OKC,216.41
RDU,OMA,244.43
RDU,ORD,263.04
RDU,ORF,191.66
RDU,PDX,307.11
RDU,PHL,219.38
RDU,PHX,360.12
RDU,PIT,172.38
RDU,PWM,161.92
RDU,RIC,268.46
RDU,RNO,274.25
RDU,SAN,283.51
RDU,SDF,237.74
RDU,SFO,323.33
RDU,SJC,280.3
RDU,SMF,269.18
RDU,SNA,339.31
RDU,STL,233.68
RDU,TOL,264.25
RDU,TPA,219.63
RDU,TUL,360.07
RDU,TUS,271.43
RIC,SAT,361.07
RIC,ABQ,299.58
RIC,ANC,620.85
RIC,ATL,256.58
RIC,AUS,226.26
RIC,BFL,479
RIC,BNA,218.24
RIC,BOS,142.69
RIC,BTR,371.43
RIC,BUF,158.09
RIC,CLE,264.74
RIC,CLT,260.73
RIC,CMH,151.49
RIC,COS,240.87
RIC,CSG,212.42
RIC,DAL,244.7
RIC,DEN,317.57
RIC,ELP,268.62
RIC,EWR,240.06
RIC,FAT,473.51
RIC,FWA,311.25
RIC,GEG,347.33
RIC,GSO,372
RIC,HNL,481.27
RIC,HOU,207.29
RIC,IAH,300.91
RIC,ICT,238.48
RIC,IND,232.56
RIC,JAX,186.24
RIC,JFK,288.45
RIC,LAS,258.31
RIC,LAX,285.62
RIC,LBB,333.14
RIC,LGA,207.14
RIC,LGB,351.57
RIC,LNK,442.71
RIC,LRD,333.85
RIC,MCI,267.21
RIC,MCO,155.68
RIC,MDW,157.42
RIC,MEM,254.13
RIC,MIA,225.36
RIC,MKE,213.18
RIC,MSN,291.65
RIC,MSP,307.71
RIC,MSY,189.59
RIC,OAK,325.85
RIC,OKC,225.38
RIC,OMA,287.2
RIC,ORD,312.34
RIC,PDX,308.24
RIC,PHL,334.94
RIC,PHX,273
RIC,PIT,187.85
RIC,PWM,211.59
RIC,RDU,282.5
RIC,RNO,310.62
RIC,SAN,362.17
RIC,SDF,259.86
RIC,SFO,354.38
RIC,SJC,376.22
RIC,SMF,324.89
RIC,SNA,287.32
RIC,STL,307.49
RIC,TOL,311.46
RIC,TPA,213.9
RIC,TUL,513.21
RIC,TUS,287.52
RNO,SAT,257.17
RNO,ABQ,199.42
RNO,ANC,322.86
RNO,ATL,359.47
RNO,AUS,258.68
RNO,BFL,229
RNO,BNA,329.91
RNO,BOS,247.99
RNO,BTR,306.9
RNO,BUF,227.38
RNO,CLE,449.51
RNO,CLT,447.66
RNO,CMH,267.68
RNO,COS,225.73
RNO,DAL,256.99
RNO,DEN,250.95
RNO,ELP,193.28
RNO,EWR,308.58
RNO,FAT,406
RNO,FWA,498.81
RNO,GEG,219.37
RNO,GSO,402.96
RNO,HNL,363.94
RNO,HOU,231.36
RNO,IAH,396.35
RNO,ICT,261.33
RNO,IND,280.39
RNO,JAX,273.81
RNO,JFK,306.52
RNO,LAS,195.23
RNO,LAX,193.96
RNO,LBB,278.7
RNO,LGA,292
RNO,LGB,113.01
RNO,LNK,266
RNO,LRD,447
RNO,MCI,292.86
RNO,MCO,287.47
RNO,MDW,291.48
RNO,MEM,406.89
RNO,MIA,396.13
RNO,MKE,340.61
RNO,MSN,366.9
RNO,MSP,278.74
RNO,MSY,237.44
RNO,OAJ,405.7
RNO,OAK,100
RNO,OKC,233.9
RNO,OMA,266.44
RNO,ORD,371.84
RNO,ORF,337.4
RNO,PDX,172.99
RNO,PHL,415.55
RNO,PHX,237.11
RNO,PIT,428.23
RNO,PWM,267.88
RNO,RDU,333.7
RNO,RIC,363.79
RNO,SAN,157.29
RNO,SDF,333.93
RNO,SFO,199.86
RNO,SJC,110.59
RNO,SMF,332
RNO,SNA,165.35
RNO,STL,308.54
RNO,TOL,317.01
RNO,TPA,311.41
RNO,TUL,348.02
RNO,TUS,222.51
SAN,SAT,270.43
SAN,ABQ,213.57
SAN,ANC,362.78
SAN,ATL,349.07
SAN,AUS,247.3
SAN,BNA,294.54
SAN,BOS,349.32
SAN,BTR,553.59
SAN,BUF,280.35
SAN,CLE,280.6
SAN,CLT,355.76
SAN,CMH,288.63
SAN,COS,171.45
SAN,CSG,443.62
SAN,DAL,252.27
SAN,DEN,262.05
SAN,ELP,237.8
SAN,EWR,332.83
SAN,FAT,126.23
SAN,FWA,357.99
SAN,GEG,191.28
SAN,GSO,210.03
SAN,HNL,315.16
SAN,HOU,270.87
SAN,IAH,291.4
SAN,ICT,215.93
SAN,IND,249.15
SAN,JAX,277.35
SAN,JFK,285.24
SAN,LAS,118.53
SAN,LAX,104
SAN,LBB,186.39
SAN,LGA,358.07
SAN,LNK,414.12
SAN,LRD,234.25
SAN,MCI,204.97
SAN,MCO,302.53
SAN,MDW,311.48
SAN,MEM,251.38
SAN,MIA,387.51
SAN,MKE,289.07
SAN,MSN,274.69
SAN,MSP,264.35
SAN,MSY,313.12
SAN,OAJ,402.66
SAN,OAK,156.97
SAN,OKC,225.76
SAN,OMA,221.68
SAN,ORD,393.62
SAN,ORF,426.92
SAN,PDX,184.07
SAN,PHL,325.11
SAN,PHX,135.96
SAN,PIT,311.71
SAN,PWM,341.66
SAN,RDU,290.36
SAN,RIC,299.61
SAN,RNO,176.27
SAN,SCK,112
SAN,SDF,246.43
SAN,SFO,192.43
SAN,SJC,157.34
SAN,SMF,153.89
SAN,STL,265.8
SAN,TOL,153
SAN,TPA,279.11
SAN,TUL,304.18
SAN,TUS,200.74
SCK,LAS,104.5
SCK,SAN,102
SDF,SAT,301.28
SDF,ABQ,235.26
SDF,ANC,404.06
SDF,ATL,284.79
SDF,AUS,290.36
SDF,BFL,681.29
SDF,BOS,205.91
SDF,BTR,264.62
SDF,BUF,159.57
SDF,CLE,288.04
SDF,CLT,224.74
SDF,CMH,360
SDF,COS,210.16
SDF,CSG,288
SDF,DAL,229.92
SDF,DEN,287.75
SDF,ELP,386.38
SDF,EWR,223.97
SDF,FAT,465.3
SDF,FWA,145.54
SDF,GEG,387.45
SDF,GSO,265.71
SDF,HNL,610.41
SDF,HOU,231.64
SDF,IAH,357.16
SDF,ICT,248.41
SDF,JAX,252.36
SDF,JFK,204.78
SDF,LAS,293.75
SDF,LAX,310.17
SDF,LBB,376.85
SDF,LGA,203.1
SDF,LGB,483.33
SDF,LNK,255.08
SDF,LRD,247
SDF,MCI,208.24
SDF,MCO,235.52
SDF,MDW,190.79
SDF,MIA,267.64
SDF,MKE,155.92
SDF,MSN,237.15
SDF,MSP,240.93
SDF,MSY,248.23
SDF,OAJ,145.25
SDF,OAK,341.96
SDF,OKC,202.05
SDF,OMA,207.87
SDF,ORD,176.88
SDF,ORF,237.39
SDF,PDX,326.22
SDF,PHL,229.58
SDF,PHX,323.87
SDF,PIT,231.82
SDF,PWM,171.37
SDF,RDU,190.03
SDF,RIC,232.13
SDF,RNO,283.33
SDF,SAN,385.76
SDF,SFO,371.96
SDF,SJC,352.31
SDF,SMF,325.42
SDF,SNA,265.73
SDF,STL,153
SDF,TPA,216.34
SDF,TUL,224.33
SDF,TUS,192.51
SFO,SAT,267.58
SFO,ABQ,202.44
SFO,ANC,271.57
SFO,ATL,294.9
SFO,AUS,350.6
SFO,BFL,205.54
SFO,BNA,317.99
SFO,BOS,407.75
SFO,BTR,348.09
SFO,BUF,319.58
SFO,CLE,336.46
SFO,CLT,345.7
SFO,CMH,315.81
SFO,COS,392.15
SFO,CSG,353.41
SFO,DAL,199.21
SFO,DEN,324.56
SFO,ELP,244.77
SFO,EWR,469.89
SFO,FAT,133
SFO,FWA,380.73
SFO,GEG,170.95
SFO,GSO,364.98
SFO,HNL,444.59
SFO,HOU,215.47
SFO,IAH,532.23
SFO,ICT,327.53
SFO,IND,364.2
SFO,JAX,427.61
SFO,JFK,336.89
SFO,LAS,167.79
SFO,LAX,306.13
SFO,LBB,167.73
SFO,LGA,513.89
SFO,LGB,101.5
SFO,LNK,330.89
SFO,LRD,304.59
SFO,MCI,223.29
SFO,MCO,365.85
SFO,MDW,277.97
SFO,MEM,447.05
SFO,MIA,332.06
SFO,MKE,292.62
SFO,MSN,358.51
SFO,MSP,367.95
SFO,MSY,343.25
SFO,OAJ,277.75
SFO,OAK,173.5
SFO,OKC,298.65
SFO,OMA,282.31
SFO,ORD,510.67
SFO,ORF,295.07
SFO,PDX,178.21
SFO,PHL,358.7
SFO,PHX,200.53
SFO,PIT,333.67
SFO,PWM,372.17
SFO,RDU,373.11
SFO,RIC,391.22
SFO,RNO,199.86
SFO,SAN,178.26
SFO,SDF,363.12
SFO,SMF,110
SFO,SNA,182.68
SFO,STL,285.47
SFO,TOL,268.1
SFO,TPA,320.32
SFO,TUL,262.7
SFO,TUS,153.57
SJC,SAT,283
SJC,ABQ,210.55
SJC,ANC,246.97
SJC,ATL,351.89
SJC,AUS,268.53
SJC,BNA,325.01
SJC,BOS,293.17
SJC,BTR,434.58
SJC,BUF,315.91
SJC,CLE,356.17
SJC,CLT,351.58
SJC,CMH,330.88
SJC,COS,237.87
SJC,CSG,441.11
SJC,DAL,257.68
SJC,DEN,213.94
SJC,ELP,230.48
SJC,EWR,344.42
SJC,FWA,475.5
SJC,GEG,155.45
SJC,GSO,385.9
SJC,HNL,306.36
SJC,HOU,263.89
SJC,IAH,230.33
SJC,ICT,220.89
SJC,IND,236.52
SJC,JAX,348.52
SJC,JFK,292.59
SJC,LAS,180.32
SJC,LAX,214.73
SJC,LBB,291.59
SJC,LGA,470.68
SJC,LGB,101
SJC,LNK,402.87
SJC,LRD,209.44
SJC,MCI,255.14
SJC,MCO,256.22
SJC,MDW,326.95
SJC,MEM,265.06
SJC,MIA,237.51
SJC,MKE,287.71
SJC,MSN,284.37
SJC,MSP,269.4
SJC,MSY,326.2
SJC,OAJ,323.1
SJC,OKC,209.19
SJC,OMA,269.77
SJC,ORD,309.09
SJC,ORF,282.84
SJC,PDX,184.58
SJC,PHL,323.38
SJC,PHX,226.93
SJC,PIT,317.19
SJC,PWM,360.37
SJC,RDU,295.72
SJC,RIC,376.38
SJC,RNO,105.19
SJC,SAN,161.94
SJC,SDF,346.09
SJC,SNA,189.56
SJC,STL,267.41
SJC,TOL,423
SJC,TPA,400.44
SJC,TUL,229.54
SJC,TUS,190.97
SMF,SAT,279.16
SMF,ABQ,274.84
SMF,ANC,416.3
SMF,ATL,316.74
SMF,AUS,274.79
SMF,BFL,239
SMF,BNA,312.06
SMF,BOS,277.03
SMF,BTR,561.12
SMF,BUF,286.34
SMF,CLE,263.32
SMF,CLT,382.02
SMF,CMH,312.31
SMF,COS,253.45
SMF,CSG,366
SMF,DAL,285.83
SMF,DEN,197.22
SMF,ELP,248.19
SMF,EWR,385.22
SMF,FAT,264.5
SMF,FWA,306.46
SMF,GEG,164.42
SMF,GSO,309.69
SMF,HNL,325.63
SMF,HOU,270.12
SMF,IAH,346.93
SMF,ICT,260.34
SMF,IND,232.16
SMF,JAX,358.05
SMF,JFK,323.35
SMF,LAS,165.06
SMF,LAX,169.04
SMF,LBB,286.87
SMF,LGA,355.67
SMF,LGB,115.95
SMF,LNK,472.37
SMF,LRD,676
SMF,MCI,203.08
SMF,MCO,323.44
SMF,MDW,294.77
SMF,MEM,343.68
SMF,MIA,378
SMF,MKE,243.87
SMF,MSN,342.29
SMF,MSP,349.12
SMF,MSY,352.04
SMF,OAJ,322.49
SMF,OKC,277.54
SMF,OMA,266.46
SMF,ORD,342.45
SMF,ORF,393.55
SMF,PDX,143.95
SMF,PHL,384.85
SMF,PHX,223
SMF,PIT,387.29
SMF,PWM,269.64
SMF,RDU,262.36
SMF,RIC,361.25
SMF,SAN,150.14
SMF,SDF,310.39
SMF,SFO,128.48
SMF,SNA,146.83
SMF,STL,237.71
SMF,TOL,301.5
SMF,TPA,306.16
SMF,TUL,336.13
SMF,TUS,210.36
SNA,SAT,241.98
SNA,ABQ,233.96
SNA,ANC,277.05
SNA,ATL,429.9
SNA,AUS,278.83
SNA,BNA,290.64
SNA,BOS,302.63
SNA,BTR,323.38
SNA,BUF,316.48
SNA,CLE,334.81
SNA,CLT,378.14
SNA,CMH,295.02
SNA,COS,466.01
SNA,CSG,321.19
SNA,DAL,314.69
SNA,DEN,301.3
SNA,ELP,218.68
SNA,EWR,395.77
SNA,FAT,277
SNA,FWA,305.56
SNA,GEG,171.22
SNA,GSO,282.82
SNA,HNL,351.8
SNA,HOU,353.93
SNA,IAH,351.98
SNA,ICT,225.91
SNA,IND,350.99
SNA,JAX,413.6
SNA,JFK,417.16
SNA,LAS,101
SNA,LBB,297.15
SNA,LGA,327.88
SNA,LNK,339.42
SNA,LRD,265.5
SNA,MCI,276.48
SNA,MCO,362.11
SNA,MDW,298.76
SNA,MEM,297.14
SNA,MIA,332.63
SNA,MKE,282.09
SNA,MSN,362.27
SNA,MSP,333.31
SNA,MSY,380.82
SNA,OAJ,308.24
SNA,OAK,144.5
SNA,OKC,277.65
SNA,OMA,221.57
SNA,ORD,374.79
SNA,ORF,245.04
SNA,PDX,167.95
SNA,PHL,375.78
SNA,PHX,112.8
SNA,PIT,400.81
SNA,PWM,283.66
SNA,RDU,340.36
SNA,RIC,261.08
SNA,RNO,131.39
SNA,SDF,385.05
SNA,SFO,143.39
SNA,SJC,167.49
SNA,SMF,139.55
SNA,STL,286.9
SNA,TOL,290.74
SNA,TPA,343.1
SNA,TUL,244.46
SNA,TUS,121.81
STL,SAT,244.87
STL,ABQ,272.88
STL,ANC,358.63
STL,ATL,287.8
STL,AUS,204.74
STL,BFL,279.35
STL,BNA,214.84
STL,BOS,277.13
STL,BTR,237.11
STL,BUF,225.78
STL,CLE,185.85
STL,CLT,275.12
STL,CMH,178.51
STL,COS,194.48
STL,CSG,164.84
STL,DAL,197.02
STL,DEN,233.84
STL,ELP,239.4
STL,EWR,209.83
STL,FAT,245.67
STL,FWA,299.68
STL,GEG,259.81
STL,GSO,240.59
STL,HNL,448.51
STL,HOU,266.42
STL,IAH,309.54
STL,ICT,167.19
STL,IND,172
STL,JAX,250.18
STL,JFK,283.58
STL,LAS,283.85
STL,LAX,297.13
STL,LBB,242.72
STL,LGA,235.49
STL,LGB,205.13
STL,LNK,229.45
STL,LRD,321.25
STL,MCI,107.51
STL,MCO,256.61
STL,MDW,292.24
STL,MIA,245.79
STL,MKE,160.56
STL,MSN,205.25
STL,MSP,275.73
STL,MSY,177.74
STL,OAJ,173.41
STL,OAK,223.64
STL,OKC,219.16
STL,OMA,146.75
STL,ORD,208.12
STL,ORF,201.62
STL,PDX,241.99
STL,PHL,255.2
STL,PHX,357.51
STL,PIT,206.36
STL,PWM,348.04
STL,RDU,218.34
STL,RIC,201.39
STL,RNO,269.97
STL,SAN,299.39
STL,SDF,149
STL,SFO,283.86
STL,SJC,276.93
STL,SMF,270.74
STL,SNA,233.44
STL,TOL,168
STL,TPA,273.66
STL,TUL,154.82
STL,TUS,347.73
TOL,SAT,192.92
TOL,ABQ,319.37
TOL,ATL,146.75
TOL,AUS,201.45
TOL,BNA,146.65
TOL,BOS,306.33
TOL,BTR,246.42
TOL,CLT,232.42
TOL,COS,123.06
TOL,DEN,161.5
TOL,ELP,308.87
TOL,EWR,146.06
TOL,GSO,238.15
TOL,HNL,435.58
TOL,HOU,457
TOL,IAH,240.87
TOL,ICT,172.5
TOL,IND,152.21
TOL,JAX,227.16
TOL,LAS,328.5
TOL,LAX,674.7
TOL,LBB,229.5
TOL,LGA,236.26
TOL,MCI,107
TOL,MCO,199.5
TOL,MEM,284.56
TOL,MIA,253.09
TOL,MKE,163.98
TOL,MSN,278
TOL,MSP,143
TOL,MSY,293.59
TOL,OAJ,206
TOL,OKC,239.75
TOL,OMA,171
TOL,ORD,121.91
TOL,ORF,111.25
TOL,PDX,321.08
TOL,PHL,195.96
TOL,PHX,368.4
TOL,PWM,172
TOL,RDU,141.5
TOL,RIC,309.54
TOL,RNO,302.99
TOL,SAN,211.27
TOL,SDF,348
TOL,SFO,463.29
TOL,SJC,318.72
TOL,SMF,331.34
TOL,SNA,247.82
TOL,STL,189
TOL,TPA,110.75
TOL,TUL,198.25
TOL,TUS,218.34
TPA,SAT,231.11
TPA,ABQ,209.86
TPA,ANC,464.16
TPA,ATL,187.8
TPA,AUS,230.96
TPA,BFL,285.61
TPA,BNA,288.98
TPA,BOS,240.9
TPA,BTR,163.64
TPA,BUF,164.38
TPA,CLE,216.93
TPA,CLT,261.68
TPA,CMH,209.02
TPA,COS,319.86
TPA,CSG,196
TPA,DAL,270.29
TPA,DEN,501.4
TPA,ELP,251.57
TPA,EWR,241.33
TPA,FAT,497.26
TPA,FWA,303.59
TPA,GEG,318.2
TPA,GSO,388.65
TPA,HNL,528.2
TPA,HOU,224.5
TPA,IAH,241.2
TPA,ICT,257.85
TPA,IND,228.82
TPA,JAX,170.42
TPA,JFK,202.59
TPA,LAS,296.03
TPA,LAX,318.42
TPA,LBB,294.82
TPA,LGA,234.42
TPA,LGB,357.09
TPA,LNK,207.98
TPA,LRD,446
TPA,MCI,252.54
TPA,MDW,267.69
TPA,MEM,265.27
TPA,MIA,128.27
TPA,MKE,223.44
TPA,MSN,273.8
TPA,MSP,290.02
TPA,MSY,217.94
TPA,OAJ,164.07
TPA,OAK,324.5
TPA,OKC,213.28
TPA,OMA,237.63
TPA,ORD,284.99
TPA,ORF,220.61
TPA,PDX,333.24
TPA,PHL,256.22
TPA,PHX,363.28
TPA,PIT,211.49
TPA,PWM,272.89
TPA,RDU,263.6
TPA,RIC,251.28
TPA,RNO,250.34
TPA,SAN,306.22
TPA,SDF,240.03
TPA,SFO,334.24
TPA,SJC,300.82
TPA,SMF,353.39
TPA,SNA,392.29
TPA,STL,253.39
TPA,TOL,128.7
TPA,TUL,181.84
TPA,TUS,237.47
TUL,SAT,213.19
TUL,ABQ,223.63
TUL,ANC,412.21
TUL,ATL,228.84
TUL,AUS,189.66
TUL,BFL,364.75
TUL,BNA,227.77
TUL,BOS,235.01
TUL,BTR,173.17
TUL,BUF,203.93
TUL,CLE,478.42
TUL,CLT,256.57
TUL,CMH,302.11
TUL,COS,132.59
TUL,CSG,223
TUL,DAL,193.91
TUL,DEN,255.08
TUL,ELP,242.72
TUL,EWR,341.3
TUL,FAT,252.5
TUL,FWA,409.25
TUL,GEG,200.1
TUL,GSO,303.44
TUL,HNL,705.35
TUL,HOU,209.86
TUL,IAH,129.05
TUL,IND,240.35
TUL,JAX,247.09
TUL,JFK,384.93
TUL,LAS,209.39
TUL,LAX,228.45
TUL,LBB,186.17
TUL,LGA,295.05
TUL,LGB,420
TUL,LRD,289.75
TUL,MCO,233.44
TUL,MDW,204.28
TUL,MEM,158.17
TUL,MIA,219.56
TUL,MKE,225.31
TUL,MSN,303.5
TUL,MSP,212.61
TUL,MSY,207.79
TUL,OAJ,451.36
TUL,OAK,270.2
TUL,OMA,144.99
TUL,ORD,346.55
TUL,ORF,283.1
TUL,PDX,309.4
TUL,PHL,352.21
TUL,PHX,316.7
TUL,PIT,291.15
TUL,PWM,383.26
TUL,RDU,408.85
TUL,RIC,315.66
TUL,RNO,256.56
TUL,SAN,258.14
TUL,SDF,215.75
TUL,SFO,323.84
TUL,SJC,231.4
TUL,SMF,251.13
TUL,SNA,309.36
TUL,STL,196.2
TUL,TOL,1106.25
TUL,TPA,193.58
TUL,TUS,412.69
TUS,SAT,187.33
TUS,ABQ,131.14
TUS,ANC,225.65
TUS,ATL,336.17
TUS,AUS,239.02
TUS,BFL,118
TUS,BNA,315.27
TUS,BOS,303.53
TUS,BTR,172.67
TUS,BUF,286.13
TUS,CLE,221.33
TUS,CLT,366.52
TUS,CMH,254.03
TUS,COS,253.89
TUS,CSG,393.25
TUS,DAL,185.33
TUS,DEN,212.17
TUS,ELP,286.4
TUS,EWR,449.55
TUS,FAT,177.79
TUS,FWA,452.1
TUS,GEG,178.21
TUS,GSO,374.09
TUS,HNL,545.15
TUS,HOU,232.56
TUS,IAH,306.3
TUS,ICT,224.59
TUS,IND,279.47
TUS,JAX,344.81
TUS,JFK,361.99
TUS,LAS,235.76
TUS,LAX,163.47
TUS,LBB,308.17
TUS,LGA,335.89
TUS,LGB,210.33
TUS,LNK,379.69
TUS,LRD,328.5
TUS,MCI,173.03
TUS,MCO,236.83
TUS,MDW,261.51
TUS,MEM,231.34
TUS,MIA,316.24
TUS,MKE,248.12
TUS,MSN,370.1
TUS,MSP,266.14
TUS,MSY,257.68
TUS,OAJ,221.75
TUS,OAK,172.62
TUS,OKC,342.75
TUS,OMA,161.18
TUS,ORD,334.27
TUS,ORF,380.37
TUS,PDX,214.9
TUS,PHL,327.61
TUS,PHX,281
TUS,PIT,274.81
TUS,PWM,355.54
TUS,RDU,305.82
TUS,RIC,211.24
TUS,RNO,187.77
TUS,SAN,187.21
TUS,SDF,207.2
TUS,SFO,216.72
TUS,SJC,156.51
TUS,SMF,228.51
TUS,SNA,173.04
TUS,STL,286.88
TUS,TOL,178.25
TUS,TPA,344.25
TUS,TUL,274.85
